,fens,eval_move_final,preds_num
6701038,r1bqkbnr/pp1p1ppp/2n1p3/2p5/3PP3/2N2N2/PPP2PPP/R1BQKB1R b KQkq - 0 4,0.0,0.15901494
13754962,r1bqkbnr/pp1p1ppp/2n1p3/2p5/3PP3/2N2N2/PPP2PPP/R1BQKB1R b KQkq - 0 4,0.0,0.15901494
13698662,r1bqkbnr/pp1p1ppp/2n1p3/2p5/3PP3/2N2N2/PPP2PPP/R1BQKB1R b KQkq - 0 4,0.0,0.15901494
600437,r1bqkbnr/pp1p1ppp/2n1p3/2p5/3PP3/2N2N2/PPP2PPP/R1BQKB1R b KQkq - 0 4,0.0,0.15901494
10773626,r1bqkbnr/pp1p1ppp/2n1p3/2p5/3PP3/2N2N2/PPP2PPP/R1BQKB1R b KQkq - 0 4,0.0,0.15901494
11379120,r1bqkbnr/pp1p1ppp/2n1p3/2p5/3PP3/2N2N2/PPP2PPP/R1BQKB1R b KQkq - 0 4,0.0,0.15901494
3325797,r1bqkbnr/pp1p1ppp/2n1p3/2p5/3PP3/2N2N2/PPP2PPP/R1BQKB1R b KQkq - 0 4,0.0,0.15901494
8714345,r1bqkbnr/pp1p1ppp/2n1p3/2p5/3PP3/2N2N2/PPP2PPP/R1BQKB1R b KQkq - 0 4,0.0,0.15901494
5479584,r1bqkbnr/pp1p1ppp/2n1p3/2p5/3PP3/2N2N2/PPP2PPP/R1BQKB1R b KQkq - 0 4,0.0,0.15901494
3099965,r1bqkbnr/pp1p1ppp/2n1p3/2p5/3PP3/2N2N2/PPP2PPP/R1BQKB1R b KQkq - 0 4,0.0,0.15901494
9699413,r1bqkbnr/pp1p1ppp/2n1p3/2p5/3PP3/2N2N2/PPP2PPP/R1BQKB1R b KQkq - 0 4,0.0,0.15901494
9920024,r1bqkbnr/pp1p1ppp/2n1p3/2p5/3PP3/2N2N2/PPP2PPP/R1BQKB1R b KQkq - 0 4,0.0,0.15901494
10626766,r1bqkbnr/pp1p1ppp/2n1p3/2p5/3PP3/2N2N2/PPP2PPP/R1BQKB1R b KQkq - 0 4,0.0,0.15901494
9050332,r1bqkbnr/pp1p1ppp/2n1p3/2p5/3PP3/2N2N2/PPP2PPP/R1BQKB1R b KQkq - 0 4,0.0,0.15901494
1039054,r1bqkbnr/pp1p1ppp/2n1p3/2p5/3PP3/2N2N2/PPP2PPP/R1BQKB1R b KQkq - 0 4,0.0,0.15901494
7312167,r1bqkbnr/pp1p1ppp/2n1p3/2p5/3PP3/2N2N2/PPP2PPP/R1BQKB1R b KQkq - 0 4,0.0,0.15901494
7117434,r1bqkbnr/pp1p1ppp/2n1p3/2p5/3PP3/2N2N2/PPP2PPP/R1BQKB1R b KQkq - 0 4,0.0,0.15901494
5108953,r1bqkbnr/pp1p1ppp/2n1p3/2p5/3PP3/2N2N2/PPP2PPP/R1BQKB1R b KQkq - 0 4,0.0,0.15901494
9321179,r1bqkbnr/pp1p1ppp/2n1p3/2p5/3PP3/2N2N2/PPP2PPP/R1BQKB1R b KQkq - 0 4,0.0,0.15901494
349232,r1bqkbnr/pp1p1ppp/2n1p3/2p5/3PP3/2N2N2/PPP2PPP/R1BQKB1R b KQkq - 0 4,0.0,0.15901494
9043231,r1bqkbnr/pp1p1ppp/2n1p3/2p5/3PP3/2N2N2/PPP2PPP/R1BQKB1R b KQkq - 0 4,0.0,0.15901494
12442948,r1bqkbnr/pp1p1ppp/2n1p3/2p5/3PP3/2N2N2/PPP2PPP/R1BQKB1R b KQkq - 0 4,0.0,0.15901494
9632921,r1bqkbnr/pp1p1ppp/2n1p3/2p5/3PP3/2N2N2/PPP2PPP/R1BQKB1R b KQkq - 0 4,0.0,0.15901494
9956389,r1bqkbnr/pp1p1ppp/2n1p3/2p5/3PP3/2N2N2/PPP2PPP/R1BQKB1R b KQkq - 0 4,0.0,0.15901494
6446779,r1bqkbnr/pp1p1ppp/2n1p3/2p5/3PP3/2N2N2/PPP2PPP/R1BQKB1R b KQkq - 0 4,0.0,0.15901494
9775105,r1bqkbnr/pp1p1ppp/2n1p3/2p5/3PP3/2N2N2/PPP2PPP/R1BQKB1R b KQkq - 0 4,0.0,0.15901494
13451342,r1bqkbnr/pp1p1ppp/2n1p3/2p5/3PP3/2N2N2/PPP2PPP/R1BQKB1R b KQkq - 0 4,0.0,0.15901494
4522749,r1bqkbnr/pp1p1ppp/2n1p3/2p5/3PP3/2N2N2/PPP2PPP/R1BQKB1R b KQkq - 0 4,0.0,0.15901494
9150145,r1bqkbnr/pp1p1ppp/2n1p3/2p5/3PP3/2N2N2/PPP2PPP/R1BQKB1R b KQkq - 0 4,0.0,0.15901494
3900754,r1bqkbnr/pp1p1ppp/2n1p3/2p5/3PP3/2N2N2/PPP2PPP/R1BQKB1R b KQkq - 0 4,0.0,0.15901494
2883651,r1bqkbnr/pp1p1ppp/2n1p3/2p5/3PP3/2N2N2/PPP2PPP/R1BQKB1R b KQkq - 0 4,0.0,0.15901494
11965434,r1bqkbnr/pp1p1ppp/2n1p3/2p5/3PP3/2N2N2/PPP2PPP/R1BQKB1R b KQkq - 0 4,0.0,0.15901494
8867259,r1bqkbnr/pp1p1ppp/2n1p3/2p5/3PP3/2N2N2/PPP2PPP/R1BQKB1R b KQkq - 0 4,0.0,0.15901494
6157125,r1bqkbnr/pp1p1ppp/2n1p3/2p5/3PP3/2N2N2/PPP2PPP/R1BQKB1R b KQkq - 0 4,0.0,0.15901494
9441424,r1bqkbnr/pp1p1ppp/2n1p3/2p5/3PP3/2N2N2/PPP2PPP/R1BQKB1R b KQkq - 0 4,0.0,0.15901494
9183022,r1bqkbnr/pp1p1ppp/2n1p3/2p5/3PP3/2N2N2/PPP2PPP/R1BQKB1R b KQkq - 0 4,0.0,0.15901494
9590113,r1bqkbnr/pp1p1ppp/2n1p3/2p5/3PP3/2N2N2/PPP2PPP/R1BQKB1R b KQkq - 0 4,0.0,0.15901494
8393780,r1bqkbnr/pp1p1ppp/2n1p3/2p5/3PP3/2N2N2/PPP2PPP/R1BQKB1R b KQkq - 0 4,0.0,0.15901494
8528979,r1bqkbnr/pp1p1ppp/2n1p3/2p5/3PP3/2N2N2/PPP2PPP/R1BQKB1R b KQkq - 0 4,0.0,0.15901494
13474899,r1bqkbnr/pp1p1ppp/2n1p3/2p5/3PP3/2N2N2/PPP2PPP/R1BQKB1R b KQkq - 0 4,0.0,0.15901494
12524507,r1bqkbnr/pp1p1ppp/2n1p3/2p5/3PP3/2N2N2/PPP2PPP/R1BQKB1R b KQkq - 0 4,0.0,0.15901494
4131593,r1bqkbnr/pp1p1ppp/2n1p3/2p5/3PP3/2N2N2/PPP2PPP/R1BQKB1R b KQkq - 0 4,0.0,0.15901494
11826164,r1bqkbnr/pp1p1ppp/2n1p3/2p5/3PP3/2N2N2/PPP2PPP/R1BQKB1R b KQkq - 0 4,0.0,0.15901494
257873,r1bqkbnr/pp1p1ppp/2n1p3/2p5/3PP3/2N2N2/PPP2PPP/R1BQKB1R b KQkq - 0 4,0.0,0.15901494
7784406,r1bqkbnr/pp1p1ppp/2n1p3/2p5/3PP3/2N2N2/PPP2PPP/R1BQKB1R b KQkq - 0 4,0.0,0.15901494
5993062,r1bqkbnr/pp1p1ppp/2n1p3/2p5/3PP3/2N2N2/PPP2PPP/R1BQKB1R b KQkq - 0 4,0.0,0.15901494
8753629,r1bqkbnr/pp1p1ppp/2n1p3/2p5/3PP3/2N2N2/PPP2PPP/R1BQKB1R b KQkq - 0 4,0.0,0.15901494
11286445,r1bqkbnr/pp1p1ppp/2n1p3/2p5/3PP3/2N2N2/PPP2PPP/R1BQKB1R b KQkq - 0 4,0.0,0.15901494
4649971,r1bqkbnr/pp1p1ppp/2n1p3/2p5/3PP3/2N2N2/PPP2PPP/R1BQKB1R b KQkq - 0 4,0.0,0.15901494
3416779,r1bqkbnr/pp1p1ppp/2n1p3/2p5/3PP3/2N2N2/PPP2PPP/R1BQKB1R b KQkq - 0 4,0.0,0.15901494
6031402,r1bqkbnr/pp1p1ppp/2n1p3/2p5/3PP3/2N2N2/PPP2PPP/R1BQKB1R b KQkq - 0 4,0.0,0.15901494
613179,r1bqkbnr/pp1p1ppp/2n1p3/2p5/3PP3/2N2N2/PPP2PPP/R1BQKB1R b KQkq - 0 4,0.0,0.15901494
5122738,r1bqkbnr/pp1p1ppp/2n1p3/2p5/3PP3/2N2N2/PPP2PPP/R1BQKB1R b KQkq - 0 4,0.0,0.15901494
8492897,r1bqkbnr/pp1p1ppp/2n1p3/2p5/3PP3/2N2N2/PPP2PPP/R1BQKB1R b KQkq - 0 4,0.0,0.15901494
275653,r1bqkbnr/pp1p1ppp/2n1p3/2p5/3PP3/2N2N2/PPP2PPP/R1BQKB1R b KQkq - 0 4,0.0,0.15901494
8248316,r1bqkbnr/pp1p1ppp/2n1p3/2p5/3PP3/2N2N2/PPP2PPP/R1BQKB1R b KQkq - 0 4,0.0,0.15901494
11770272,r1bqkbnr/pp1p1ppp/2n1p3/2p5/3PP3/2N2N2/PPP2PPP/R1BQKB1R b KQkq - 0 4,0.0,0.15901494
5822683,r1bqkbnr/pp1p1ppp/2n1p3/2p5/3PP3/2N2N2/PPP2PPP/R1BQKB1R b KQkq - 0 4,0.0,0.15901494
12560186,r1bqkbnr/pp1p1ppp/2n1p3/2p5/3PP3/2N2N2/PPP2PPP/R1BQKB1R b KQkq - 0 4,0.0,0.15901494
2652356,r1bqkbnr/pp1p1ppp/2n1p3/2p5/3PP3/2N2N2/PPP2PPP/R1BQKB1R b KQkq - 0 4,0.0,0.15901494
13566360,r1bqkbnr/pp1p1ppp/2n1p3/2p5/3PP3/2N2N2/PPP2PPP/R1BQKB1R b KQkq - 0 4,0.0,0.15901494
8512064,r1bqkbnr/pp1p1ppp/2n1p3/2p5/3PP3/2N2N2/PPP2PPP/R1BQKB1R b KQkq - 0 4,0.0,0.15901494
6825255,r1bqkbnr/pp1p1ppp/2n1p3/2p5/3PP3/2N2N2/PPP2PPP/R1BQKB1R b KQkq - 0 4,0.0,0.15901494
7931553,r1bqkbnr/pp1p1ppp/2n1p3/2p5/3PP3/2N2N2/PPP2PPP/R1BQKB1R b KQkq - 0 4,0.0,0.15901494
7241229,r1bqkbnr/pp1p1ppp/2n1p3/2p5/3PP3/2N2N2/PPP2PPP/R1BQKB1R b KQkq - 0 4,0.0,0.15901494
6417434,r1bqkbnr/pp1p1ppp/2n1p3/2p5/3PP3/2N2N2/PPP2PPP/R1BQKB1R b KQkq - 0 4,0.0,0.15901494
1908183,r1bqkbnr/pp1p1ppp/2n1p3/2p5/3PP3/2N2N2/PPP2PPP/R1BQKB1R b KQkq - 0 4,0.0,0.15901494
13821785,r1bqkbnr/pp1p1ppp/2n1p3/2p5/3PP3/2N2N2/PPP2PPP/R1BQKB1R b KQkq - 0 4,0.0,0.15901494
4920733,r1bqkbnr/pp1p1ppp/2n1p3/2p5/3PP3/2N2N2/PPP2PPP/R1BQKB1R b KQkq - 0 4,0.0,0.15901494
8197917,r1bqkbnr/pp1p1ppp/2n1p3/2p5/3PP3/2N2N2/PPP2PPP/R1BQKB1R b KQkq - 0 4,0.0,0.15901494
12523920,r1bqkbnr/pp1p1ppp/2n1p3/2p5/3PP3/2N2N2/PPP2PPP/R1BQKB1R b KQkq - 0 4,0.0,0.15901494
7721940,r1bqkbnr/pp1p1ppp/2n1p3/2p5/3PP3/2N2N2/PPP2PPP/R1BQKB1R b KQkq - 0 4,0.0,0.15901494
44156,r1bqkbnr/pp1p1ppp/2n1p3/2p5/3PP3/2N2N2/PPP2PPP/R1BQKB1R b KQkq - 0 4,0.0,0.15901494
11442385,r1bqkbnr/pp1p1ppp/2n1p3/2p5/3PP3/2N2N2/PPP2PPP/R1BQKB1R b KQkq - 0 4,0.0,0.15901494
8775955,r1bqkbnr/pp1p1ppp/2n1p3/2p5/3PP3/2N2N2/PPP2PPP/R1BQKB1R b KQkq - 0 4,0.0,0.15901494
2399033,r1bqkbnr/pp1p1ppp/2n1p3/2p5/3PP3/2N2N2/PPP2PPP/R1BQKB1R b KQkq - 0 4,0.0,0.15901494
1837335,r1bqkbnr/pp1p1ppp/2n1p3/2p5/3PP3/2N2N2/PPP2PPP/R1BQKB1R b KQkq - 0 4,0.0,0.15901494
3415703,r1bqkbnr/pp1p1ppp/2n1p3/2p5/3PP3/2N2N2/PPP2PPP/R1BQKB1R b KQkq - 0 4,0.0,0.15901494
5196933,r1bqkbnr/pp1p1ppp/2n1p3/2p5/3PP3/2N2N2/PPP2PPP/R1BQKB1R b KQkq - 0 4,0.0,0.15901494
5414877,r1bqkbnr/pp1p1ppp/2n1p3/2p5/3PP3/2N2N2/PPP2PPP/R1BQKB1R b KQkq - 0 4,0.0,0.15901494
1154412,r1bqkbnr/pp1p1ppp/2n1p3/2p5/3PP3/2N2N2/PPP2PPP/R1BQKB1R b KQkq - 0 4,0.0,0.15901494
3274460,r1bqkbnr/pp1p1ppp/2n1p3/2p5/3PP3/2N2N2/PPP2PPP/R1BQKB1R b KQkq - 0 4,0.0,0.15901494
2857267,r1bqkbnr/pp1p1ppp/2n1p3/2p5/3PP3/2N2N2/PPP2PPP/R1BQKB1R b KQkq - 0 4,0.0,0.15901494
7123074,r1bqkbnr/pp1p1ppp/2n1p3/2p5/3PP3/2N2N2/PPP2PPP/R1BQKB1R b KQkq - 0 4,0.0,0.15901494
622548,r1bqkbnr/pp1p1ppp/2n1p3/2p5/3PP3/2N2N2/PPP2PPP/R1BQKB1R b KQkq - 0 4,0.0,0.15901494
2790648,r1bqkbnr/pp1p1ppp/2n1p3/2p5/3PP3/2N2N2/PPP2PPP/R1BQKB1R b KQkq - 0 4,0.0,0.15901494
5688136,r1bqkbnr/pp1p1ppp/2n1p3/2p5/3PP3/2N2N2/PPP2PPP/R1BQKB1R b KQkq - 0 4,0.0,0.15901494
2450520,r1bqkbnr/pp1p1ppp/2n1p3/2p5/3PP3/2N2N2/PPP2PPP/R1BQKB1R b KQkq - 0 4,0.0,0.15901494
13523444,r1bqkbnr/pp1p1ppp/2n1p3/2p5/3PP3/2N2N2/PPP2PPP/R1BQKB1R b KQkq - 0 4,0.0,0.15901494
3376725,r1bqkbnr/pp1p1ppp/2n1p3/2p5/3PP3/2N2N2/PPP2PPP/R1BQKB1R b KQkq - 0 4,0.0,0.15901494
73632,r1bqkbnr/pp1p1ppp/2n1p3/2p5/3PP3/2N2N2/PPP2PPP/R1BQKB1R b KQkq - 0 4,0.0,0.15901494
11643637,r1bqkbnr/pp1p1ppp/2n1p3/2p5/3PP3/2N2N2/PPP2PPP/R1BQKB1R b KQkq - 0 4,0.0,0.15901494
12072780,r1bqkbnr/pp1p1ppp/2n1p3/2p5/3PP3/2N2N2/PPP2PPP/R1BQKB1R b KQkq - 0 4,0.0,0.15901494
5210976,r1bqkbnr/pp1p1ppp/2n1p3/2p5/3PP3/2N2N2/PPP2PPP/R1BQKB1R b KQkq - 0 4,0.0,0.15901494
4526128,r1bqkbnr/pp1p1ppp/2n1p3/2p5/3PP3/2N2N2/PPP2PPP/R1BQKB1R b KQkq - 0 4,0.0,0.15901494
11973185,r1bqkbnr/pp1p1ppp/2n1p3/2p5/3PP3/2N2N2/PPP2PPP/R1BQKB1R b KQkq - 0 4,0.0,0.15901494
6128355,r1bqkbnr/pp1p1ppp/2n1p3/2p5/3PP3/2N2N2/PPP2PPP/R1BQKB1R b KQkq - 0 4,0.0,0.15901494
11105649,r1bqkbnr/pp1p1ppp/2n1p3/2p5/3PP3/2N2N2/PPP2PPP/R1BQKB1R b KQkq - 0 4,0.0,0.15901494
7364818,r1bqkbnr/pp1p1ppp/2n1p3/2p5/3PP3/2N2N2/PPP2PPP/R1BQKB1R b KQkq - 0 4,0.0,0.15901494
13237752,r1bqkbnr/pp1p1ppp/2n1p3/2p5/3PP3/2N2N2/PPP2PPP/R1BQKB1R b KQkq - 0 4,0.0,0.15901494
10062668,r1bqkbnr/pp1p1ppp/2n1p3/2p5/3PP3/2N2N2/PPP2PPP/R1BQKB1R b KQkq - 0 4,0.0,0.15901494
12938497,r1bqkbnr/pp1p1ppp/2n1p3/2p5/3PP3/2N2N2/PPP2PPP/R1BQKB1R b KQkq - 0 4,0.0,0.15901494
6757307,r1bqkbnr/pp1p1ppp/2n1p3/2p5/3PP3/2N2N2/PPP2PPP/R1BQKB1R b KQkq - 0 4,0.0,0.15901494
2688394,r1bqkbnr/pp1p1ppp/2n1p3/2p5/3PP3/2N2N2/PPP2PPP/R1BQKB1R b KQkq - 0 4,0.0,0.15901494
676276,r1bqkbnr/pp1p1ppp/2n1p3/2p5/3PP3/2N2N2/PPP2PPP/R1BQKB1R b KQkq - 0 4,0.0,0.15901494
8872100,r1bqkbnr/pp1p1ppp/2n1p3/2p5/3PP3/2N2N2/PPP2PPP/R1BQKB1R b KQkq - 0 4,0.0,0.15901494
6984381,r1bqkbnr/pp1p1ppp/2n1p3/2p5/3PP3/2N2N2/PPP2PPP/R1BQKB1R b KQkq - 0 4,0.0,0.15901494
11578318,r1bqkbnr/pp1p1ppp/2n1p3/2p5/3PP3/2N2N2/PPP2PPP/R1BQKB1R b KQkq - 0 4,0.0,0.15901494
2055172,r1bqkbnr/pp1p1ppp/2n1p3/2p5/3PP3/2N2N2/PPP2PPP/R1BQKB1R b KQkq - 0 4,0.0,0.15901494
741832,r1bqkbnr/pp1p1ppp/2n1p3/2p5/3PP3/2N2N2/PPP2PPP/R1BQKB1R b KQkq - 0 4,0.0,0.15901494
5626043,r1bqkbnr/pp1p1ppp/2n1p3/2p5/3PP3/2N2N2/PPP2PPP/R1BQKB1R b KQkq - 0 4,0.0,0.15901494
4009815,r1bqkbnr/pp1p1ppp/2n1p3/2p5/3PP3/2N2N2/PPP2PPP/R1BQKB1R b KQkq - 0 4,0.0,0.15901494
10318639,r1bqkbnr/pp1p1ppp/2n1p3/2p5/3PP3/2N2N2/PPP2PPP/R1BQKB1R b KQkq - 0 4,0.0,0.15901494
8117436,r1bqkbnr/pp1p1ppp/2n1p3/2p5/3PP3/2N2N2/PPP2PPP/R1BQKB1R b KQkq - 0 4,0.0,0.15901494
12639068,r1bqkbnr/pp1p1ppp/2n1p3/2p5/3PP3/2N2N2/PPP2PPP/R1BQKB1R b KQkq - 0 4,0.0,0.15901494
1905183,r1bqkbnr/pp1p1ppp/2n1p3/2p5/3PP3/2N2N2/PPP2PPP/R1BQKB1R b KQkq - 0 4,0.0,0.15901494
9241317,r1bqkbnr/pp1p1ppp/2n1p3/2p5/3PP3/2N2N2/PPP2PPP/R1BQKB1R b KQkq - 0 4,0.0,0.15901494
2017364,r1bqkbnr/pp1p1ppp/2n1p3/2p5/3PP3/2N2N2/PPP2PPP/R1BQKB1R b KQkq - 0 4,0.0,0.15901494
10581902,r1bqkbnr/pp1p1ppp/2n1p3/2p5/3PP3/2N2N2/PPP2PPP/R1BQKB1R b KQkq - 0 4,0.0,0.15901494
5753040,r1bqkbnr/pp1p1ppp/2n1p3/2p5/3PP3/2N2N2/PPP2PPP/R1BQKB1R b KQkq - 0 4,0.0,0.15901494
11285352,r1bqkbnr/pp1p1ppp/2n1p3/2p5/3PP3/2N2N2/PPP2PPP/R1BQKB1R b KQkq - 0 4,0.0,0.15901494
1654932,r1bqkbnr/pp1p1ppp/2n1p3/2p5/3PP3/2N2N2/PPP2PPP/R1BQKB1R b KQkq - 0 4,0.0,0.15901494
595104,r1bqkbnr/pp1p1ppp/2n1p3/2p5/3PP3/2N2N2/PPP2PPP/R1BQKB1R b KQkq - 0 4,0.0,0.15901494
9477043,r1bqkbnr/pp1p1ppp/2n1p3/2p5/3PP3/2N2N2/PPP2PPP/R1BQKB1R b KQkq - 0 4,0.0,0.15901494
4029476,r1bqkbnr/pp1p1ppp/2n1p3/2p5/3PP3/2N2N2/PPP2PPP/R1BQKB1R b KQkq - 0 4,0.0,0.15901494
7142868,r1bqkbnr/pp1p1ppp/2n1p3/2p5/3PP3/2N2N2/PPP2PPP/R1BQKB1R b KQkq - 0 4,0.0,0.15901494
7399546,r1bqkbnr/pp1p1ppp/2n1p3/2p5/3PP3/2N2N2/PPP2PPP/R1BQKB1R b KQkq - 0 4,0.0,0.15901494
2974573,r1bqkbnr/pp1p1ppp/2n1p3/2p5/3PP3/2N2N2/PPP2PPP/R1BQKB1R b KQkq - 0 4,0.0,0.15901494
7390155,r1bqkbnr/pp1p1ppp/2n1p3/2p5/3PP3/2N2N2/PPP2PPP/R1BQKB1R b KQkq - 0 4,0.0,0.15901494
6536321,r1bqkbnr/pp1p1ppp/2n1p3/2p5/3PP3/2N2N2/PPP2PPP/R1BQKB1R b KQkq - 0 4,0.0,0.15901494
4991491,r1bqkbnr/pp1p1ppp/2n1p3/2p5/3PP3/2N2N2/PPP2PPP/R1BQKB1R b KQkq - 0 4,0.0,0.15901494
5938334,r1bqkbnr/pp1p1ppp/2n1p3/2p5/3PP3/2N2N2/PPP2PPP/R1BQKB1R b KQkq - 0 4,0.0,0.15901494
6226279,r1bqkbnr/pp1p1ppp/2n1p3/2p5/3PP3/2N2N2/PPP2PPP/R1BQKB1R b KQkq - 0 4,0.0,0.15901494
3244640,r1bqkbnr/pp1p1ppp/2n1p3/2p5/3PP3/2N2N2/PPP2PPP/R1BQKB1R b KQkq - 0 4,0.0,0.15901494
13615008,r1bqkbnr/pp1p1ppp/2n1p3/2p5/3PP3/2N2N2/PPP2PPP/R1BQKB1R b KQkq - 0 4,0.0,0.15901494
8211223,r1bqkbnr/pp1p1ppp/2n1p3/2p5/3PP3/2N2N2/PPP2PPP/R1BQKB1R b KQkq - 0 4,0.0,0.15901494
13324641,r1bqkbnr/pp1p1ppp/2n1p3/2p5/3PP3/2N2N2/PPP2PPP/R1BQKB1R b KQkq - 0 4,0.0,0.15901494
4425831,r1bqkbnr/pp1p1ppp/2n1p3/2p5/3PP3/2N2N2/PPP2PPP/R1BQKB1R b KQkq - 0 4,0.0,0.15901494
13793658,r1bqkbnr/pp1p1ppp/2n1p3/2p5/3PP3/2N2N2/PPP2PPP/R1BQKB1R b KQkq - 0 4,0.0,0.15901494
11181987,r1bqkbnr/pp1p1ppp/2n1p3/2p5/3PP3/2N2N2/PPP2PPP/R1BQKB1R b KQkq - 0 4,0.0,0.15901494
10519688,r1bqkbnr/pp1p1ppp/2n1p3/2p5/3PP3/2N2N2/PPP2PPP/R1BQKB1R b KQkq - 0 4,0.0,0.15901494
383742,r1bqkbnr/pp1p1ppp/2n1p3/2p5/3PP3/2N2N2/PPP2PPP/R1BQKB1R b KQkq - 0 4,0.0,0.15901494
10127799,r1bqkbnr/pp1p1ppp/2n1p3/2p5/3PP3/2N2N2/PPP2PPP/R1BQKB1R b KQkq - 0 4,0.0,0.15901494
4580185,r1bqkbnr/pp1p1ppp/2n1p3/2p5/3PP3/2N2N2/PPP2PPP/R1BQKB1R b KQkq - 0 4,0.0,0.15901494
12823814,r1bqkbnr/pp1p1ppp/2n1p3/2p5/3PP3/2N2N2/PPP2PPP/R1BQKB1R b KQkq - 0 4,0.0,0.15901494
328803,r1bqkbnr/pp1p1ppp/2n1p3/2p5/3PP3/2N2N2/PPP2PPP/R1BQKB1R b KQkq - 0 4,0.0,0.15901494
8484387,r1bqkbnr/pp1p1ppp/2n1p3/2p5/3PP3/2N2N2/PPP2PPP/R1BQKB1R b KQkq - 0 4,0.0,0.15901494
6944368,r1bqkbnr/pp1p1ppp/2n1p3/2p5/3PP3/2N2N2/PPP2PPP/R1BQKB1R b KQkq - 0 4,0.0,0.15901494
13063244,r1bqkbnr/pp1p1ppp/2n1p3/2p5/3PP3/2N2N2/PPP2PPP/R1BQKB1R b KQkq - 0 4,0.0,0.15901494
8886568,r1bqkbnr/pp1p1ppp/2n1p3/2p5/3PP3/2N2N2/PPP2PPP/R1BQKB1R b KQkq - 0 4,0.0,0.15901494
3609130,r1bqkbnr/pp1p1ppp/2n1p3/2p5/3PP3/2N2N2/PPP2PPP/R1BQKB1R b KQkq - 0 4,0.0,0.15901494
2544622,r1bqkbnr/pp1p1ppp/2n1p3/2p5/3PP3/2N2N2/PPP2PPP/R1BQKB1R b KQkq - 0 4,0.0,0.15901494
13441971,r1bqkbnr/pp1p1ppp/2n1p3/2p5/3PP3/2N2N2/PPP2PPP/R1BQKB1R b KQkq - 0 4,0.0,0.15901494
10479798,r1bqkbnr/pp1p1ppp/2n1p3/2p5/3PP3/2N2N2/PPP2PPP/R1BQKB1R b KQkq - 0 4,0.0,0.15901494
13365604,r1bqkbnr/pp1p1ppp/2n1p3/2p5/3PP3/2N2N2/PPP2PPP/R1BQKB1R b KQkq - 0 4,0.0,0.15901494
7278037,r1bqkbnr/pp1p1ppp/2n1p3/2p5/3PP3/2N2N2/PPP2PPP/R1BQKB1R b KQkq - 0 4,0.0,0.15901494
1547160,r1bqkbnr/pp1p1ppp/2n1p3/2p5/3PP3/2N2N2/PPP2PPP/R1BQKB1R b KQkq - 0 4,0.0,0.15901494
6933046,r1bqkbnr/pp1p1ppp/2n1p3/2p5/3PP3/2N2N2/PPP2PPP/R1BQKB1R b KQkq - 0 4,0.0,0.15901494
10812440,r1bqkbnr/pp1p1ppp/2n1p3/2p5/3PP3/2N2N2/PPP2PPP/R1BQKB1R b KQkq - 0 4,0.0,0.15901494
11289831,r1bqkbnr/pp1p1ppp/2n1p3/2p5/3PP3/2N2N2/PPP2PPP/R1BQKB1R b KQkq - 0 4,0.0,0.15901494
2970247,r1bqkbnr/pp1p1ppp/2n1p3/2p5/3PP3/2N2N2/PPP2PPP/R1BQKB1R b KQkq - 0 4,0.0,0.15901494
11752742,r1bqkbnr/pp1p1ppp/2n1p3/2p5/3PP3/2N2N2/PPP2PPP/R1BQKB1R b KQkq - 0 4,0.0,0.15901494
8743114,r1bqkbnr/pp1p1ppp/2n1p3/2p5/3PP3/2N2N2/PPP2PPP/R1BQKB1R b KQkq - 0 4,0.0,0.15901494
9180743,r1bqkbnr/pp1p1ppp/2n1p3/2p5/3PP3/2N2N2/PPP2PPP/R1BQKB1R b KQkq - 0 4,0.0,0.15901494
12000893,r1bqkbnr/pp1p1ppp/2n1p3/2p5/3PP3/2N2N2/PPP2PPP/R1BQKB1R b KQkq - 0 4,0.0,0.15901494
9025448,r1bqkbnr/pp1p1ppp/2n1p3/2p5/3PP3/2N2N2/PPP2PPP/R1BQKB1R b KQkq - 0 4,0.0,0.15901494
12528835,r1bqkbnr/pp1p1ppp/2n1p3/2p5/3PP3/2N2N2/PPP2PPP/R1BQKB1R b KQkq - 0 4,0.0,0.15901494
3180381,r1bqkbnr/pp1p1ppp/2n1p3/2p5/3PP3/2N2N2/PPP2PPP/R1BQKB1R b KQkq - 0 4,0.0,0.15901494
1284924,r1bqkbnr/pp1p1ppp/2n1p3/2p5/3PP3/2N2N2/PPP2PPP/R1BQKB1R b KQkq - 0 4,0.0,0.15901494
9981158,r1bqkbnr/pp1p1ppp/2n1p3/2p5/3PP3/2N2N2/PPP2PPP/R1BQKB1R b KQkq - 0 4,0.0,0.15901494
13132764,r1bqkbnr/pp1p1ppp/2n1p3/2p5/3PP3/2N2N2/PPP2PPP/R1BQKB1R b KQkq - 0 4,0.0,0.15901494
11352520,r1bqkbnr/pp1p1ppp/2n1p3/2p5/3PP3/2N2N2/PPP2PPP/R1BQKB1R b KQkq - 0 4,0.0,0.15901494
270932,r1bqkbnr/pp1p1ppp/2n1p3/2p5/3PP3/2N2N2/PPP2PPP/R1BQKB1R b KQkq - 0 4,0.0,0.15901494
12149966,r1bqkbnr/pp1p1ppp/2n1p3/2p5/3PP3/2N2N2/PPP2PPP/R1BQKB1R b KQkq - 0 4,0.0,0.15901494
10647668,r1bqkbnr/pp1p1ppp/2n1p3/2p5/3PP3/2N2N2/PPP2PPP/R1BQKB1R b KQkq - 0 4,0.0,0.15901494
11949657,r1bqkbnr/pp1p1ppp/2n1p3/2p5/3PP3/2N2N2/PPP2PPP/R1BQKB1R b KQkq - 0 4,0.0,0.15901494
1085971,r1bqkbnr/pp1p1ppp/2n1p3/2p5/3PP3/2N2N2/PPP2PPP/R1BQKB1R b KQkq - 0 4,0.0,0.15901494
9855993,r1bqkbnr/pp1p1ppp/2n1p3/2p5/3PP3/2N2N2/PPP2PPP/R1BQKB1R b KQkq - 0 4,0.0,0.15901494
7614384,r1bqkbnr/pp1p1ppp/2n1p3/2p5/3PP3/2N2N2/PPP2PPP/R1BQKB1R b KQkq - 0 4,0.0,0.15901494
4476908,r1bqkbnr/pp1p1ppp/2n1p3/2p5/3PP3/2N2N2/PPP2PPP/R1BQKB1R b KQkq - 0 4,0.0,0.15901494
7567266,r1bqkbnr/pp1p1ppp/2n1p3/2p5/3PP3/2N2N2/PPP2PPP/R1BQKB1R b KQkq - 0 4,0.0,0.15901494
9419827,r1bqkbnr/pp1p1ppp/2n1p3/2p5/3PP3/2N2N2/PPP2PPP/R1BQKB1R b KQkq - 0 4,0.0,0.15901494
9210299,r1bqkbnr/pp1p1ppp/2n1p3/2p5/3PP3/2N2N2/PPP2PPP/R1BQKB1R b KQkq - 0 4,0.0,0.15901494
9782484,r1bqkbnr/pp1p1ppp/2n1p3/2p5/3PP3/2N2N2/PPP2PPP/R1BQKB1R b KQkq - 0 4,0.0,0.15901494
5377226,r1bqkbnr/pp1p1ppp/2n1p3/2p5/3PP3/2N2N2/PPP2PPP/R1BQKB1R b KQkq - 0 4,0.0,0.15901494
13919100,r1bqkbnr/pp1p1ppp/2n1p3/2p5/3PP3/2N2N2/PPP2PPP/R1BQKB1R b KQkq - 0 4,0.0,0.15901494
424152,r1bqkbnr/pp1p1ppp/2n1p3/2p5/3PP3/2N2N2/PPP2PPP/R1BQKB1R b KQkq - 0 4,0.0,0.15901494
8032238,r1bqkbnr/pp1p1ppp/2n1p3/2p5/3PP3/2N2N2/PPP2PPP/R1BQKB1R b KQkq - 0 4,0.0,0.15901494
929247,r1bqkbnr/pp1p1ppp/2n1p3/2p5/3PP3/2N2N2/PPP2PPP/R1BQKB1R b KQkq - 0 4,0.0,0.15901494
1545666,r1bqkbnr/pp1p1ppp/2n1p3/2p5/3PP3/2N2N2/PPP2PPP/R1BQKB1R b KQkq - 0 4,0.0,0.15901494
2358151,r1bqkbnr/pp1p1ppp/2n1p3/2p5/3PP3/2N2N2/PPP2PPP/R1BQKB1R b KQkq - 0 4,0.0,0.15901494
2030421,r1bqkbnr/pp1p1ppp/2n1p3/2p5/3PP3/2N2N2/PPP2PPP/R1BQKB1R b KQkq - 0 4,0.0,0.15901494
5180618,r1bqkbnr/pp1p1ppp/2n1p3/2p5/3PP3/2N2N2/PPP2PPP/R1BQKB1R b KQkq - 0 4,0.0,0.15901494
1777700,r1bqkbnr/pp1p1ppp/2n1p3/2p5/3PP3/2N2N2/PPP2PPP/R1BQKB1R b KQkq - 0 4,0.0,0.15901494
2250788,r1bqkbnr/pp1p1ppp/2n1p3/2p5/3PP3/2N2N2/PPP2PPP/R1BQKB1R b KQkq - 0 4,0.0,0.15901494
9614062,r1bqkbnr/pp1p1ppp/2n1p3/2p5/3PP3/2N2N2/PPP2PPP/R1BQKB1R b KQkq - 0 4,0.0,0.15901494
3204631,r1bqkbnr/pp1p1ppp/2n1p3/2p5/3PP3/2N2N2/PPP2PPP/R1BQKB1R b KQkq - 0 4,0.0,0.15901494
9775592,r1bqkbnr/pp1p1ppp/2n1p3/2p5/3PP3/2N2N2/PPP2PPP/R1BQKB1R b KQkq - 0 4,0.0,0.15901494
13694415,r1bqkbnr/pp1p1ppp/2n1p3/2p5/3PP3/2N2N2/PPP2PPP/R1BQKB1R b KQkq - 0 4,0.0,0.15901494
5891974,r1bqkbnr/pp1p1ppp/2n1p3/2p5/3PP3/2N2N2/PPP2PPP/R1BQKB1R b KQkq - 0 4,0.0,0.15901494
3640401,r1bqkbnr/pp1p1ppp/2n1p3/2p5/3PP3/2N2N2/PPP2PPP/R1BQKB1R b KQkq - 0 4,0.0,0.15901494
5001717,r1bqkbnr/pp1p1ppp/2n1p3/2p5/3PP3/2N2N2/PPP2PPP/R1BQKB1R b KQkq - 0 4,0.0,0.15901494
1048890,r1bqkbnr/pp1p1ppp/2n1p3/2p5/3PP3/2N2N2/PPP2PPP/R1BQKB1R b KQkq - 0 4,0.0,0.15901494
11697292,r1bqkbnr/pp1p1ppp/2n1p3/2p5/3PP3/2N2N2/PPP2PPP/R1BQKB1R b KQkq - 0 4,0.0,0.15901494
5224084,r1bqkbnr/pp1p1ppp/2n1p3/2p5/3PP3/2N2N2/PPP2PPP/R1BQKB1R b KQkq - 0 4,0.0,0.15901494
3627123,r1bqkbnr/pp1p1ppp/2n1p3/2p5/3PP3/2N2N2/PPP2PPP/R1BQKB1R b KQkq - 0 4,0.0,0.15901494
2304655,r1bqkbnr/pp1p1ppp/2n1p3/2p5/3PP3/2N2N2/PPP2PPP/R1BQKB1R b KQkq - 0 4,0.0,0.15901494
5317847,r1bqkbnr/pp1p1ppp/2n1p3/2p5/3PP3/2N2N2/PPP2PPP/R1BQKB1R b KQkq - 0 4,0.0,0.15901494
2844206,r1bqkbnr/pp1p1ppp/2n1p3/2p5/3PP3/2N2N2/PPP2PPP/R1BQKB1R b KQkq - 0 4,0.0,0.15901494
1535870,r1bqkbnr/pp1p1ppp/2n1p3/2p5/3PP3/2N2N2/PPP2PPP/R1BQKB1R b KQkq - 0 4,0.0,0.15901494
8729277,r1bqkbnr/pp1p1ppp/2n1p3/2p5/3PP3/2N2N2/PPP2PPP/R1BQKB1R b KQkq - 0 4,0.0,0.15901494
7862390,r1bqkbnr/pp1p1ppp/2n1p3/2p5/3PP3/2N2N2/PPP2PPP/R1BQKB1R b KQkq - 0 4,0.0,0.15901494
4274529,r1bqkbnr/pp1p1ppp/2n1p3/2p5/3PP3/2N2N2/PPP2PPP/R1BQKB1R b KQkq - 0 4,0.0,0.15901494
4497154,r1bqkbnr/pp1p1ppp/2n1p3/2p5/3PP3/2N2N2/PPP2PPP/R1BQKB1R b KQkq - 0 4,0.0,0.15901494
12674087,r1bqkbnr/pp1p1ppp/2n1p3/2p5/3PP3/2N2N2/PPP2PPP/R1BQKB1R b KQkq - 0 4,0.0,0.15901494
8450655,r1bqkbnr/pp1p1ppp/2n1p3/2p5/3PP3/2N2N2/PPP2PPP/R1BQKB1R b KQkq - 0 4,0.0,0.15901494
10246035,r1bqkbnr/pp1p1ppp/2n1p3/2p5/3PP3/2N2N2/PPP2PPP/R1BQKB1R b KQkq - 0 4,0.0,0.15901494
4039503,r1bqkbnr/pp1p1ppp/2n1p3/2p5/3PP3/2N2N2/PPP2PPP/R1BQKB1R b KQkq - 0 4,0.0,0.15901494
1541233,r1bqkbnr/pp1p1ppp/2n1p3/2p5/3PP3/2N2N2/PPP2PPP/R1BQKB1R b KQkq - 0 4,0.0,0.15901494
10585474,r1bqkbnr/pp1p1ppp/2n1p3/2p5/3PP3/2N2N2/PPP2PPP/R1BQKB1R b KQkq - 0 4,0.0,0.15901494
952800,r1bqkbnr/pp1p1ppp/2n1p3/2p5/3PP3/2N2N2/PPP2PPP/R1BQKB1R b KQkq - 0 4,0.0,0.15901494
12962457,r1bqkbnr/pp1p1ppp/2n1p3/2p5/3PP3/2N2N2/PPP2PPP/R1BQKB1R b KQkq - 0 4,0.0,0.15901494
2877358,r1bqkbnr/pp1p1ppp/2n1p3/2p5/3PP3/2N2N2/PPP2PPP/R1BQKB1R b KQkq - 0 4,0.0,0.15901494
10541677,r1bqkbnr/pp1p1ppp/2n1p3/2p5/3PP3/2N2N2/PPP2PPP/R1BQKB1R b KQkq - 0 4,0.0,0.15901494
6240921,r1bqkbnr/pp1p1ppp/2n1p3/2p5/3PP3/2N2N2/PPP2PPP/R1BQKB1R b KQkq - 0 4,0.0,0.15901494
9606395,r1bqkbnr/pp1p1ppp/2n1p3/2p5/3PP3/2N2N2/PPP2PPP/R1BQKB1R b KQkq - 0 4,0.0,0.15901494
3610914,r1bqkbnr/pp1p1ppp/2n1p3/2p5/3PP3/2N2N2/PPP2PPP/R1BQKB1R b KQkq - 0 4,0.0,0.15901494
14114042,r1bqkbnr/pp1p1ppp/2n1p3/2p5/3PP3/2N2N2/PPP2PPP/R1BQKB1R b KQkq - 0 4,0.0,0.15901494
7853448,r1bqkbnr/pp1p1ppp/2n1p3/2p5/3PP3/2N2N2/PPP2PPP/R1BQKB1R b KQkq - 0 4,0.0,0.15901494
11241576,r1bqkbnr/pp1p1ppp/2n1p3/2p5/3PP3/2N2N2/PPP2PPP/R1BQKB1R b KQkq - 0 4,0.0,0.15901494
12057142,r1bqkbnr/pp1p1ppp/2n1p3/2p5/3PP3/2N2N2/PPP2PPP/R1BQKB1R b KQkq - 0 4,0.0,0.15901494
644320,r1bqkbnr/pp1p1ppp/2n1p3/2p5/3PP3/2N2N2/PPP2PPP/R1BQKB1R b KQkq - 0 4,0.0,0.15901494
12515483,r1bqkbnr/pp1p1ppp/2n1p3/2p5/3PP3/2N2N2/PPP2PPP/R1BQKB1R b KQkq - 0 4,0.0,0.15901494
1920520,r1bqkbnr/pp1p1ppp/2n1p3/2p5/3PP3/2N2N2/PPP2PPP/R1BQKB1R b KQkq - 0 4,0.0,0.15901494
10647883,r1bqkbnr/pp1p1ppp/2n1p3/2p5/3PP3/2N2N2/PPP2PPP/R1BQKB1R b KQkq - 0 4,0.0,0.15901494
9344210,r1bqkbnr/pp1p1ppp/2n1p3/2p5/3PP3/2N2N2/PPP2PPP/R1BQKB1R b KQkq - 0 4,0.0,0.15901494
12035373,r1bqkbnr/pp1p1ppp/2n1p3/2p5/3PP3/2N2N2/PPP2PPP/R1BQKB1R b KQkq - 0 4,0.0,0.15901494
8531161,r1bqkbnr/pp1p1ppp/2n1p3/2p5/3PP3/2N2N2/PPP2PPP/R1BQKB1R b KQkq - 0 4,0.0,0.15901494
11188051,r1bqkbnr/pp1p1ppp/2n1p3/2p5/3PP3/2N2N2/PPP2PPP/R1BQKB1R b KQkq - 0 4,0.0,0.15901494
3697491,r1bqkbnr/pp1p1ppp/2n1p3/2p5/3PP3/2N2N2/PPP2PPP/R1BQKB1R b KQkq - 0 4,0.0,0.15901494
13712242,r1bqkbnr/pp1p1ppp/2n1p3/2p5/3PP3/2N2N2/PPP2PPP/R1BQKB1R b KQkq - 0 4,0.0,0.15901494
292014,r1bqkbnr/pp1p1ppp/2n1p3/2p5/3PP3/2N2N2/PPP2PPP/R1BQKB1R b KQkq - 0 4,0.0,0.15901494
4148301,r1bqkbnr/pp1p1ppp/2n1p3/2p5/3PP3/2N2N2/PPP2PPP/R1BQKB1R b KQkq - 0 4,0.0,0.15901494
10504992,r1bqkbnr/pp1p1ppp/2n1p3/2p5/3PP3/2N2N2/PPP2PPP/R1BQKB1R b KQkq - 0 4,0.0,0.15901494
2176823,r1bqkbnr/pp1p1ppp/2n1p3/2p5/3PP3/2N2N2/PPP2PPP/R1BQKB1R b KQkq - 0 4,0.0,0.15901494
3541786,r1bqkbnr/pp1p1ppp/2n1p3/2p5/3PP3/2N2N2/PPP2PPP/R1BQKB1R b KQkq - 0 4,0.0,0.15901494
7102179,r1bqkbnr/pp1p1ppp/2n1p3/2p5/3PP3/2N2N2/PPP2PPP/R1BQKB1R b KQkq - 0 4,0.0,0.15901494
9725525,r1bqkbnr/pp1p1ppp/2n1p3/2p5/3PP3/2N2N2/PPP2PPP/R1BQKB1R b KQkq - 0 4,0.0,0.15901494
10184970,r1bqkbnr/pp1p1ppp/2n1p3/2p5/3PP3/2N2N2/PPP2PPP/R1BQKB1R b KQkq - 0 4,0.0,0.15901494
331879,r1bqkbnr/pp1p1ppp/2n1p3/2p5/3PP3/2N2N2/PPP2PPP/R1BQKB1R b KQkq - 0 4,0.0,0.15901494
6174919,r1bqkbnr/pp1p1ppp/2n1p3/2p5/3PP3/2N2N2/PPP2PPP/R1BQKB1R b KQkq - 0 4,0.0,0.15901494
8942479,r1bqkbnr/pp1p1ppp/2n1p3/2p5/3PP3/2N2N2/PPP2PPP/R1BQKB1R b KQkq - 0 4,0.0,0.15901494
5336209,r1bqkbnr/pp1p1ppp/2n1p3/2p5/3PP3/2N2N2/PPP2PPP/R1BQKB1R b KQkq - 0 4,0.0,0.15901494
7096956,r1bqkbnr/pp1p1ppp/2n1p3/2p5/3PP3/2N2N2/PPP2PPP/R1BQKB1R b KQkq - 0 4,0.0,0.15901494
3108523,r1bqkbnr/pp1p1ppp/2n1p3/2p5/3PP3/2N2N2/PPP2PPP/R1BQKB1R b KQkq - 0 4,0.0,0.15901494
11100799,r1bqkbnr/pp1p1ppp/2n1p3/2p5/3PP3/2N2N2/PPP2PPP/R1BQKB1R b KQkq - 0 4,0.0,0.15901494
10001096,r1bqkbnr/pp1p1ppp/2n1p3/2p5/3PP3/2N2N2/PPP2PPP/R1BQKB1R b KQkq - 0 4,0.0,0.15901494
13756124,r1bqkbnr/pp1p1ppp/2n1p3/2p5/3PP3/2N2N2/PPP2PPP/R1BQKB1R b KQkq - 0 4,0.0,0.15901494
9067669,r1bqkbnr/pp1p1ppp/2n1p3/2p5/3PP3/2N2N2/PPP2PPP/R1BQKB1R b KQkq - 0 4,0.0,0.15901494
13989723,r1bqkbnr/pp1p1ppp/2n1p3/2p5/3PP3/2N2N2/PPP2PPP/R1BQKB1R b KQkq - 0 4,0.0,0.15901494
911784,r1bqkbnr/pp1p1ppp/2n1p3/2p5/3PP3/2N2N2/PPP2PPP/R1BQKB1R b KQkq - 0 4,0.0,0.15901494
4556703,r1bqkbnr/pp1p1ppp/2n1p3/2p5/3PP3/2N2N2/PPP2PPP/R1BQKB1R b KQkq - 0 4,0.0,0.15901494
9977419,r1bqkbnr/pp1p1ppp/2n1p3/2p5/3PP3/2N2N2/PPP2PPP/R1BQKB1R b KQkq - 0 4,0.0,0.15901494
3926894,r1bqkbnr/pp1p1ppp/2n1p3/2p5/3PP3/2N2N2/PPP2PPP/R1BQKB1R b KQkq - 0 4,0.0,0.15901494
12308356,r1bqkbnr/pp1p1ppp/2n1p3/2p5/3PP3/2N2N2/PPP2PPP/R1BQKB1R b KQkq - 0 4,0.0,0.15901494
8734361,r1bqkbnr/pp1p1ppp/2n1p3/2p5/3PP3/2N2N2/PPP2PPP/R1BQKB1R b KQkq - 0 4,0.0,0.15901494
247280,r1bqkbnr/pp1p1ppp/2n1p3/2p5/3PP3/2N2N2/PPP2PPP/R1BQKB1R b KQkq - 0 4,0.0,0.15901494
6323472,r1bqkbnr/pp1p1ppp/2n1p3/2p5/3PP3/2N2N2/PPP2PPP/R1BQKB1R b KQkq - 0 4,0.0,0.15901494
13617414,r1bqkbnr/pp1p1ppp/2n1p3/2p5/3PP3/2N2N2/PPP2PPP/R1BQKB1R b KQkq - 0 4,0.0,0.15901494
13290164,r1bqkbnr/pp1p1ppp/2n1p3/2p5/3PP3/2N2N2/PPP2PPP/R1BQKB1R b KQkq - 0 4,0.0,0.15901494
9437446,r1bqkbnr/pp1p1ppp/2n1p3/2p5/3PP3/2N2N2/PPP2PPP/R1BQKB1R b KQkq - 0 4,0.0,0.15901494
6725491,r1bqkbnr/pp1p1ppp/2n1p3/2p5/3PP3/2N2N2/PPP2PPP/R1BQKB1R b KQkq - 0 4,0.0,0.15901494
337870,r1bqkbnr/pp1p1ppp/2n1p3/2p5/3PP3/2N2N2/PPP2PPP/R1BQKB1R b KQkq - 0 4,0.0,0.15901494
1956530,r1bqkbnr/pp1p1ppp/2n1p3/2p5/3PP3/2N2N2/PPP2PPP/R1BQKB1R b KQkq - 0 4,0.0,0.15901494
2111013,r1bqkbnr/pp1p1ppp/2n1p3/2p5/3PP3/2N2N2/PPP2PPP/R1BQKB1R b KQkq - 0 4,0.0,0.15901494
10583106,r1bqkbnr/pp1p1ppp/2n1p3/2p5/3PP3/2N2N2/PPP2PPP/R1BQKB1R b KQkq - 0 4,0.0,0.15901494
13478003,r1bqkbnr/pp1p1ppp/2n1p3/2p5/3PP3/2N2N2/PPP2PPP/R1BQKB1R b KQkq - 0 4,0.0,0.15901494
8282602,r1bqkbnr/pp1p1ppp/2n1p3/2p5/3PP3/2N2N2/PPP2PPP/R1BQKB1R b KQkq - 0 4,0.0,0.15901494
10506261,r1bqkbnr/pp1p1ppp/2n1p3/2p5/3PP3/2N2N2/PPP2PPP/R1BQKB1R b KQkq - 0 4,0.0,0.15901494
13345230,r1bqkbnr/pp1p1ppp/2n1p3/2p5/3PP3/2N2N2/PPP2PPP/R1BQKB1R b KQkq - 0 4,0.0,0.15901494
3686133,r1bqkbnr/pp1p1ppp/2n1p3/2p5/3PP3/2N2N2/PPP2PPP/R1BQKB1R b KQkq - 0 4,0.0,0.15901494
9759106,r1bqkbnr/pp1p1ppp/2n1p3/2p5/3PP3/2N2N2/PPP2PPP/R1BQKB1R b KQkq - 0 4,0.0,0.15901494
12179641,r1bqkbnr/pp1p1ppp/2n1p3/2p5/3PP3/2N2N2/PPP2PPP/R1BQKB1R b KQkq - 0 4,0.0,0.15901494
12803444,r1bqkbnr/pp1p1ppp/2n1p3/2p5/3PP3/2N2N2/PPP2PPP/R1BQKB1R b KQkq - 0 4,0.0,0.15901494
10333838,r1bqkbnr/pp1p1ppp/2n1p3/2p5/3PP3/2N2N2/PPP2PPP/R1BQKB1R b KQkq - 0 4,0.0,0.15901494
1392110,r1bqkbnr/pp1p1ppp/2n1p3/2p5/3PP3/2N2N2/PPP2PPP/R1BQKB1R b KQkq - 0 4,0.0,0.15901494
4911284,r1bqkbnr/pp1p1ppp/2n1p3/2p5/3PP3/2N2N2/PPP2PPP/R1BQKB1R b KQkq - 0 4,0.0,0.15901494
13291563,r1bqkbnr/pp1p1ppp/2n1p3/2p5/3PP3/2N2N2/PPP2PPP/R1BQKB1R b KQkq - 0 4,0.0,0.15901494
6835059,r1bqkbnr/pp1p1ppp/2n1p3/2p5/3PP3/2N2N2/PPP2PPP/R1BQKB1R b KQkq - 0 4,0.0,0.15901494
10945713,r1bqkbnr/pp1p1ppp/2n1p3/2p5/3PP3/2N2N2/PPP2PPP/R1BQKB1R b KQkq - 0 4,0.0,0.15901494
3102495,r1bqkbnr/pp1p1ppp/2n1p3/2p5/3PP3/2N2N2/PPP2PPP/R1BQKB1R b KQkq - 0 4,0.0,0.15901494
13254376,r1bqkbnr/pp1p1ppp/2n1p3/2p5/3PP3/2N2N2/PPP2PPP/R1BQKB1R b KQkq - 0 4,0.0,0.15901494
13256734,r1bqkbnr/pp1p1ppp/2n1p3/2p5/3PP3/2N2N2/PPP2PPP/R1BQKB1R b KQkq - 0 4,0.0,0.15901494
6190339,r1bqkbnr/pp1p1ppp/2n1p3/2p5/3PP3/2N2N2/PPP2PPP/R1BQKB1R b KQkq - 0 4,0.0,0.15901494
3387668,r1bqkbnr/pp1p1ppp/2n1p3/2p5/3PP3/2N2N2/PPP2PPP/R1BQKB1R b KQkq - 0 4,0.0,0.15901494
8814247,r1bqkbnr/pp1p1ppp/2n1p3/2p5/3PP3/2N2N2/PPP2PPP/R1BQKB1R b KQkq - 0 4,0.0,0.15901494
6976174,r1bqkbnr/pp1p1ppp/2n1p3/2p5/3PP3/2N2N2/PPP2PPP/R1BQKB1R b KQkq - 0 4,0.0,0.15901494
7028370,r1bqkbnr/pp1p1ppp/2n1p3/2p5/3PP3/2N2N2/PPP2PPP/R1BQKB1R b KQkq - 0 4,0.0,0.15901494
9267708,r1bqkbnr/pp1p1ppp/2n1p3/2p5/3PP3/2N2N2/PPP2PPP/R1BQKB1R b KQkq - 0 4,0.0,0.15901494
13348089,r1bqkbnr/pp1p1ppp/2n1p3/2p5/3PP3/2N2N2/PPP2PPP/R1BQKB1R b KQkq - 0 4,0.0,0.15901494
12425971,r1bqkbnr/pp1p1ppp/2n1p3/2p5/3PP3/2N2N2/PPP2PPP/R1BQKB1R b KQkq - 0 4,0.0,0.15901494
1830624,r1bqkbnr/pp1p1ppp/2n1p3/2p5/3PP3/2N2N2/PPP2PPP/R1BQKB1R b KQkq - 0 4,0.0,0.15901494
10463503,r1bqkbnr/pp1p1ppp/2n1p3/2p5/3PP3/2N2N2/PPP2PPP/R1BQKB1R b KQkq - 0 4,0.0,0.15901494
6938103,r1bqkbnr/pp1p1ppp/2n1p3/2p5/3PP3/2N2N2/PPP2PPP/R1BQKB1R b KQkq - 0 4,0.0,0.15901494
9838064,r1bqkbnr/pp1p1ppp/2n1p3/2p5/3PP3/2N2N2/PPP2PPP/R1BQKB1R b KQkq - 0 4,0.0,0.15901494
5433994,r1bqkbnr/pp1p1ppp/2n1p3/2p5/3PP3/2N2N2/PPP2PPP/R1BQKB1R b KQkq - 0 4,0.0,0.15901494
4454762,r1bqkbnr/pp1p1ppp/2n1p3/2p5/3PP3/2N2N2/PPP2PPP/R1BQKB1R b KQkq - 0 4,0.0,0.15901494
13100949,r1bqkbnr/pp1p1ppp/2n1p3/2p5/3PP3/2N2N2/PPP2PPP/R1BQKB1R b KQkq - 0 4,0.0,0.15901494
11636508,r1bqkbnr/pp1p1ppp/2n1p3/2p5/3PP3/2N2N2/PPP2PPP/R1BQKB1R b KQkq - 0 4,0.0,0.15901494
5372023,r1bqkbnr/pp1p1ppp/2n1p3/2p5/3PP3/2N2N2/PPP2PPP/R1BQKB1R b KQkq - 0 4,0.0,0.15901494
13470726,r1bqkbnr/pp1p1ppp/2n1p3/2p5/3PP3/2N2N2/PPP2PPP/R1BQKB1R b KQkq - 0 4,0.0,0.15901494
5634072,r1bqkbnr/pp1p1ppp/2n1p3/2p5/3PP3/2N2N2/PPP2PPP/R1BQKB1R b KQkq - 0 4,0.0,0.15901494
1231160,r1bqkbnr/pp1p1ppp/2n1p3/2p5/3PP3/2N2N2/PPP2PPP/R1BQKB1R b KQkq - 0 4,0.0,0.15901494
11438,r1bqkbnr/pp1p1ppp/2n1p3/2p5/3PP3/2N2N2/PPP2PPP/R1BQKB1R b KQkq - 0 4,0.0,0.15901494
7608810,r1bqkbnr/pp1p1ppp/2n1p3/2p5/3PP3/2N2N2/PPP2PPP/R1BQKB1R b KQkq - 0 4,0.0,0.15901494
10392212,r1bqkbnr/pp1p1ppp/2n1p3/2p5/3PP3/2N2N2/PPP2PPP/R1BQKB1R b KQkq - 0 4,0.0,0.15901494
3752013,r1bqkbnr/pp1p1ppp/2n1p3/2p5/3PP3/2N2N2/PPP2PPP/R1BQKB1R b KQkq - 0 4,0.0,0.15901494
2050896,r1bqkbnr/pp1p1ppp/2n1p3/2p5/3PP3/2N2N2/PPP2PPP/R1BQKB1R b KQkq - 0 4,0.0,0.15901494
12424514,r1bqkbnr/pp1p1ppp/2n1p3/2p5/3PP3/2N2N2/PPP2PPP/R1BQKB1R b KQkq - 0 4,0.0,0.15901494
12578371,r1bqkbnr/pp1p1ppp/2n1p3/2p5/3PP3/2N2N2/PPP2PPP/R1BQKB1R b KQkq - 0 4,0.0,0.15901494
14093400,r1bqkbnr/pp1p1ppp/2n1p3/2p5/3PP3/2N2N2/PPP2PPP/R1BQKB1R b KQkq - 0 4,0.0,0.15901494
10474171,r1bqkbnr/pp1p1ppp/2n1p3/2p5/3PP3/2N2N2/PPP2PPP/R1BQKB1R b KQkq - 0 4,0.0,0.15901494
8920332,r1bqkbnr/pp1p1ppp/2n1p3/2p5/3PP3/2N2N2/PPP2PPP/R1BQKB1R b KQkq - 0 4,0.0,0.15901494
4251890,r1bqkbnr/pp1p1ppp/2n1p3/2p5/3PP3/2N2N2/PPP2PPP/R1BQKB1R b KQkq - 0 4,0.0,0.15901494
8304321,r1bqkbnr/pp1p1ppp/2n1p3/2p5/3PP3/2N2N2/PPP2PPP/R1BQKB1R b KQkq - 0 4,0.0,0.15901494
5855555,r1bqkbnr/pp1p1ppp/2n1p3/2p5/3PP3/2N2N2/PPP2PPP/R1BQKB1R b KQkq - 0 4,0.0,0.15901494
13603561,r1bqkbnr/pp1p1ppp/2n1p3/2p5/3PP3/2N2N2/PPP2PPP/R1BQKB1R b KQkq - 0 4,0.0,0.15901494
13937090,r1bqkbnr/pp1p1ppp/2n1p3/2p5/3PP3/2N2N2/PPP2PPP/R1BQKB1R b KQkq - 0 4,0.0,0.15901494
475185,r1bqkbnr/pp1p1ppp/2n1p3/2p5/3PP3/2N2N2/PPP2PPP/R1BQKB1R b KQkq - 0 4,0.0,0.15901494
1636004,r1bqkbnr/pp1p1ppp/2n1p3/2p5/3PP3/2N2N2/PPP2PPP/R1BQKB1R b KQkq - 0 4,0.0,0.15901494
3010589,r1bqkbnr/pp1p1ppp/2n1p3/2p5/3PP3/2N2N2/PPP2PPP/R1BQKB1R b KQkq - 0 4,0.0,0.15901494
10594406,r1bqkbnr/pp1p1ppp/2n1p3/2p5/3PP3/2N2N2/PPP2PPP/R1BQKB1R b KQkq - 0 4,0.0,0.15901494
2148446,r1bqkbnr/pp1p1ppp/2n1p3/2p5/3PP3/2N2N2/PPP2PPP/R1BQKB1R b KQkq - 0 4,0.0,0.15901494
8087706,r1bqkbnr/pp1p1ppp/2n1p3/2p5/3PP3/2N2N2/PPP2PPP/R1BQKB1R b KQkq - 0 4,0.0,0.15901494
3438849,r1bqkbnr/pp1p1ppp/2n1p3/2p5/3PP3/2N2N2/PPP2PPP/R1BQKB1R b KQkq - 0 4,0.0,0.15901494
13311615,r1bqkbnr/pp1p1ppp/2n1p3/2p5/3PP3/2N2N2/PPP2PPP/R1BQKB1R b KQkq - 0 4,0.0,0.15901494
11160456,r1bqkbnr/pp1p1ppp/2n1p3/2p5/3PP3/2N2N2/PPP2PPP/R1BQKB1R b KQkq - 0 4,0.0,0.15901494
4519306,r1bqkbnr/pp1p1ppp/2n1p3/2p5/3PP3/2N2N2/PPP2PPP/R1BQKB1R b KQkq - 0 4,0.0,0.15901494
6059102,r1bqkbnr/pp1p1ppp/2n1p3/2p5/3PP3/2N2N2/PPP2PPP/R1BQKB1R b KQkq - 0 4,0.0,0.15901494
13372217,r1bqkbnr/pp1p1ppp/2n1p3/2p5/3PP3/2N2N2/PPP2PPP/R1BQKB1R b KQkq - 0 4,0.002,0.15901494
11863436,r1bqkbnr/pp1p1ppp/2n1p3/2p5/3PP3/2N2N2/PPP2PPP/R1BQKB1R b KQkq - 0 4,0.0,0.15901494
8981661,r1bqkbnr/pp1p1ppp/2n1p3/2p5/3PP3/2N2N2/PPP2PPP/R1BQKB1R b KQkq - 0 4,0.0,0.15901494
7125087,r1bqkbnr/pp1p1ppp/2n1p3/2p5/3PP3/2N2N2/PPP2PPP/R1BQKB1R b KQkq - 0 4,0.0,0.15901494
5996450,r1bqkbnr/pp1p1ppp/2n1p3/2p5/3PP3/2N2N2/PPP2PPP/R1BQKB1R b KQkq - 0 4,0.0,0.15901494
6147694,r1bqkbnr/pp1p1ppp/2n1p3/2p5/3PP3/2N2N2/PPP2PPP/R1BQKB1R b KQkq - 0 4,0.0,0.15901494
497252,r1bqkbnr/pp1p1ppp/2n1p3/2p5/3PP3/2N2N2/PPP2PPP/R1BQKB1R b KQkq - 0 4,0.0,0.15901494
10095229,r1bqkbnr/pp1p1ppp/2n1p3/2p5/3PP3/2N2N2/PPP2PPP/R1BQKB1R b KQkq - 0 4,0.0,0.15901494
3221510,r1bqkbnr/pp1p1ppp/2n1p3/2p5/3PP3/2N2N2/PPP2PPP/R1BQKB1R b KQkq - 0 4,0.0,0.15901494
13152848,r1bqkbnr/pp1p1ppp/2n1p3/2p5/3PP3/2N2N2/PPP2PPP/R1BQKB1R b KQkq - 0 4,0.0,0.15901494
4992698,r1bqkbnr/pp1p1ppp/2n1p3/2p5/3PP3/2N2N2/PPP2PPP/R1BQKB1R b KQkq - 0 4,0.0,0.15901494
8425148,r1bqkbnr/pp1p1ppp/2n1p3/2p5/3PP3/2N2N2/PPP2PPP/R1BQKB1R b KQkq - 0 4,0.0,0.15901494
7927350,r1bqkbnr/pp1p1ppp/2n1p3/2p5/3PP3/2N2N2/PPP2PPP/R1BQKB1R b KQkq - 0 4,0.0,0.15901494
7823504,r1bqkbnr/pp1p1ppp/2n1p3/2p5/3PP3/2N2N2/PPP2PPP/R1BQKB1R b KQkq - 0 4,0.0,0.15901494
4003975,r1bqkbnr/pp1p1ppp/2n1p3/2p5/3PP3/2N2N2/PPP2PPP/R1BQKB1R b KQkq - 0 4,0.0,0.15901494
2898152,r1bqkbnr/pp1p1ppp/2n1p3/2p5/3PP3/2N2N2/PPP2PPP/R1BQKB1R b KQkq - 0 4,0.0,0.15901494
4608763,r1bqkbnr/pp1p1ppp/2n1p3/2p5/3PP3/2N2N2/PPP2PPP/R1BQKB1R b KQkq - 0 4,0.0,0.15901494
7116437,r1bqkbnr/pp1p1ppp/2n1p3/2p5/3PP3/2N2N2/PPP2PPP/R1BQKB1R b KQkq - 0 4,0.0,0.15901494
11118498,r1bqkbnr/pp1p1ppp/2n1p3/2p5/3PP3/2N2N2/PPP2PPP/R1BQKB1R b KQkq - 0 4,0.0,0.15901494
12887698,r1bqkbnr/pp1p1ppp/2n1p3/2p5/3PP3/2N2N2/PPP2PPP/R1BQKB1R b KQkq - 0 4,0.0,0.15901494
10381138,r1bqkbnr/pp1p1ppp/2n1p3/2p5/3PP3/2N2N2/PPP2PPP/R1BQKB1R b KQkq - 0 4,0.0,0.15901494
12751159,r1bqkbnr/pp1p1ppp/2n1p3/2p5/3PP3/2N2N2/PPP2PPP/R1BQKB1R b KQkq - 0 4,0.0,0.15901494
3112945,r1bqkbnr/pp1p1ppp/2n1p3/2p5/3PP3/2N2N2/PPP2PPP/R1BQKB1R b KQkq - 0 4,0.0,0.15901494
6902953,r1bqkbnr/pp1p1ppp/2n1p3/2p5/3PP3/2N2N2/PPP2PPP/R1BQKB1R b KQkq - 0 4,0.0,0.15901494
9178479,r1bqkbnr/pp1p1ppp/2n1p3/2p5/3PP3/2N2N2/PPP2PPP/R1BQKB1R b KQkq - 0 4,0.0,0.15901494
8671702,r1bqkbnr/pp1p1ppp/2n1p3/2p5/3PP3/2N2N2/PPP2PPP/R1BQKB1R b KQkq - 0 4,0.0,0.15901494
10639693,r1bqkbnr/pp1p1ppp/2n1p3/2p5/3PP3/2N2N2/PPP2PPP/R1BQKB1R b KQkq - 0 4,0.0,0.15901494
7861927,r1bqkbnr/pp1p1ppp/2n1p3/2p5/3PP3/2N2N2/PPP2PPP/R1BQKB1R b KQkq - 0 4,0.0,0.15901494
3172714,r1bqkbnr/pp1p1ppp/2n1p3/2p5/3PP3/2N2N2/PPP2PPP/R1BQKB1R b KQkq - 0 4,0.0,0.15901494
8594506,r1bqkbnr/pp1p1ppp/2n1p3/2p5/3PP3/2N2N2/PPP2PPP/R1BQKB1R b KQkq - 0 4,0.0,0.15901494
4872282,rnbqk2r/pp1p1ppp/4pn2/2p5/2PP4/PQb5/1P2PPPP/R1B1KBNR w KQkq - 0 6,0.0,0.15552062
333722,rnbqk2r/pp1p1ppp/4pn2/2p5/2PP4/PQb5/1P2PPPP/R1B1KBNR w KQkq - 0 6,0.0,0.15552062
13762328,rnbqk2r/pp1p1ppp/4pn2/2p5/2PP4/PQb5/1P2PPPP/R1B1KBNR w KQkq - 0 6,0.012,0.15552062
8609380,rn1qkb1r/pppn1ppp/8/5b2/2NQP3/2N2P2/PP4PP/R1B1KB1R b KQkq - 0 9,0.012,0.13807136
3207524,r1bqkb1r/2p2ppp/p1np1n2/1p2p3/B3P3/5N2/PPPP1PPP/RNBQR1K1 w kq - 0 7,0.0,0.11746399
6087259,r1bqkb1r/2p2ppp/p1np1n2/1p2p3/B3P3/5N2/PPPP1PPP/RNBQR1K1 w kq - 0 7,0.0,0.11746399
3100473,r1bqkb1r/2p2ppp/p1np1n2/1p2p3/B3P3/5N2/PPPP1PPP/RNBQR1K1 w kq - 0 7,0.0,0.11746399
10442871,r1bqkb1r/2p2ppp/p1np1n2/1p2p3/B3P3/5N2/PPPP1PPP/RNBQR1K1 w kq - 0 7,0.0,0.11746399
5724767,r1bqkb1r/2p2ppp/p1np1n2/1p2p3/B3P3/5N2/PPPP1PPP/RNBQR1K1 w kq - 0 7,0.0,0.11746399
11237596,r1bqkb1r/2p2ppp/p1np1n2/1p2p3/B3P3/5N2/PPPP1PPP/RNBQR1K1 w kq - 0 7,0.0,0.11746399
10490604,r1b1kb1r/pp3ppp/1nn1p3/4N3/3Q4/1B6/PPP2PPP/RNB2RK1 b kq - 0 11,0.0,0.115430914
2243370,1r1q1rk1/1p1bppbp/p1np1np1/8/1pP5/P1NPP1P1/4NPBP/1RBQ1RK1 w - - 0 12,0.0,0.09540934
11391446,rnbqk2r/ppp2ppp/4pn2/3p4/2PP4/P1b2P2/1P2P1PP/R1BQKBNR w KQkq - 0 6,0.0,0.08965004
6710468,rnbqk2r/ppp2ppp/4pn2/3p4/2PP4/P1b2P2/1P2P1PP/R1BQKBNR w KQkq - 0 6,0.0,0.08965004
1276210,rnbqk2r/ppp2ppp/4pn2/3p4/2PP4/P1b2P2/1P2P1PP/R1BQKBNR w KQkq - 0 6,0.0,0.08965004
9148373,rnbqk2r/ppp2ppp/4pn2/3p4/2PP4/P1b2P2/1P2P1PP/R1BQKBNR w KQkq - 0 6,0.0,0.08965004
3129939,rnbqk2r/ppp2ppp/4pn2/3p4/2PP4/P1b2P2/1P2P1PP/R1BQKBNR w KQkq - 0 6,0.0,0.08965004
9874286,rnbqk2r/ppp2ppp/4pn2/3p4/2PP4/P1b2P2/1P2P1PP/R1BQKBNR w KQkq - 0 6,0.0,0.08965004
3311526,rnbqk2r/ppp2ppp/4pn2/3p4/2PP4/P1b2P2/1P2P1PP/R1BQKBNR w KQkq - 0 6,0.0,0.08965004
7088803,rnbqk2r/ppp2ppp/4pn2/3p4/2PP4/P1b2P2/1P2P1PP/R1BQKBNR w KQkq - 0 6,0.0,0.08965004
8224676,rnbqk2r/ppp2ppp/4pn2/3p4/2PP4/P1b2P2/1P2P1PP/R1BQKBNR w KQkq - 0 6,0.0,0.08965004
7046867,rnbqk2r/ppp2ppp/4pn2/3p4/2PP4/P1b2P2/1P2P1PP/R1BQKBNR w KQkq - 0 6,0.0,0.08965004
6836969,rnbqk2r/ppp2ppp/4pn2/3p4/2PP4/P1b2P2/1P2P1PP/R1BQKBNR w KQkq - 0 6,0.0,0.08965004
7586080,rnbqk2r/ppp2ppp/4pn2/3p4/2PP4/P1b2P2/1P2P1PP/R1BQKBNR w KQkq - 0 6,0.0,0.08965004
13717302,rnbqk2r/ppp2ppp/4pn2/3p4/2PP4/P1b2P2/1P2P1PP/R1BQKBNR w KQkq - 0 6,0.0,0.08965004
455192,rnbqk2r/ppp2ppp/4pn2/3p4/2PP4/P1b2P2/1P2P1PP/R1BQKBNR w KQkq - 0 6,0.0,0.08965004
2550276,rnbqk2r/ppp2ppp/4pn2/3p4/2PP4/P1b2P2/1P2P1PP/R1BQKBNR w KQkq - 0 6,0.0,0.08965004
6867445,rnbqk2r/ppp2ppp/4pn2/3p4/2PP4/P1b2P2/1P2P1PP/R1BQKBNR w KQkq - 0 6,0.0,0.08965004
1911517,rnbqk2r/ppp2ppp/4pn2/3p4/2PP4/P1b2P2/1P2P1PP/R1BQKBNR w KQkq - 0 6,0.0,0.08965004
13673082,rnbqk2r/ppp2ppp/4pn2/3p4/2PP4/P1b2P2/1P2P1PP/R1BQKBNR w KQkq - 0 6,0.0,0.08965004
660639,rnbqk2r/ppp2ppp/4pn2/3p4/2PP4/P1b2P2/1P2P1PP/R1BQKBNR w KQkq - 0 6,0.0,0.08965004
9224753,rnbqk2r/ppp2ppp/4pn2/3p4/2PP4/P1b2P2/1P2P1PP/R1BQKBNR w KQkq - 0 6,0.0,0.08965004
13379936,rnbqk2r/ppp2ppp/4pn2/3p4/2PP4/P1b2P2/1P2P1PP/R1BQKBNR w KQkq - 0 6,0.0,0.08965004
3098019,rnbqk2r/ppp2ppp/4pn2/3p4/2PP4/P1b2P2/1P2P1PP/R1BQKBNR w KQkq - 0 6,0.0,0.08965004
11473413,rnbqk2r/ppp2ppp/4pn2/3p4/2PP4/P1b2P2/1P2P1PP/R1BQKBNR w KQkq - 0 6,0.0,0.08965004
6970277,rnbqk2r/ppp2ppp/4pn2/3p4/2PP4/P1b2P2/1P2P1PP/R1BQKBNR w KQkq - 0 6,0.0,0.08965004
5633697,rnbqk2r/ppp2ppp/4pn2/3p4/2PP4/P1b2P2/1P2P1PP/R1BQKBNR w KQkq - 0 6,0.0,0.08965004
5381055,rnbqk2r/ppp2ppp/4pn2/3p4/2PP4/P1b2P2/1P2P1PP/R1BQKBNR w KQkq - 0 6,0.0,0.08965004
9438732,rnbqk2r/ppp2ppp/4pn2/3p4/2PP4/P1b2P2/1P2P1PP/R1BQKBNR w KQkq - 0 6,0.0,0.08965004
13555027,rnbqk2r/ppp2ppp/4pn2/3p4/2PP4/P1b2P2/1P2P1PP/R1BQKBNR w KQkq - 0 6,0.0,0.08965004
5116256,rnbqk2r/ppp2ppp/4pn2/3p4/2PP4/P1b2P2/1P2P1PP/R1BQKBNR w KQkq - 0 6,0.0,0.08965004
6519527,rnbqk2r/ppp2ppp/4pn2/3p4/2PP4/P1b2P2/1P2P1PP/R1BQKBNR w KQkq - 0 6,0.0,0.08965004
10217739,rnbqk2r/ppp2ppp/4pn2/3p4/2PP4/P1b2P2/1P2P1PP/R1BQKBNR w KQkq - 0 6,0.0,0.08965004
1325811,rnbqk2r/ppp2ppp/4pn2/3p4/2PP4/P1b2P2/1P2P1PP/R1BQKBNR w KQkq - 0 6,0.0,0.08965004
8360471,rnbqk2r/ppp2ppp/4pn2/3p4/2PP4/P1b2P2/1P2P1PP/R1BQKBNR w KQkq - 0 6,0.0,0.08965004
528150,rnbqk2r/ppp2ppp/4pn2/3p4/2PP4/P1b2P2/1P2P1PP/R1BQKBNR w KQkq - 0 6,0.0,0.08965004
28551,rnbqk2r/ppp2ppp/4pn2/3p4/2PP4/P1b2P2/1P2P1PP/R1BQKBNR w KQkq - 0 6,0.0,0.08965004
104408,rnbqk2r/ppp2ppp/4pn2/3p4/2PP4/P1b2P2/1P2P1PP/R1BQKBNR w KQkq - 0 6,0.0,0.08965004
296700,rnbqk2r/ppp2ppp/4pn2/3p4/2PP4/P1b2P2/1P2P1PP/R1BQKBNR w KQkq - 0 6,0.0,0.08965004
8661598,rnbqk2r/ppp2ppp/4pn2/3p4/2PP4/P1b2P2/1P2P1PP/R1BQKBNR w KQkq - 0 6,0.0,0.08965004
7224042,rnbqk2r/ppp2ppp/4pn2/3p4/2PP4/P1b2P2/1P2P1PP/R1BQKBNR w KQkq - 0 6,0.0,0.08965004
13550811,rnbqk2r/ppp2ppp/4pn2/3p4/2PP4/P1b2P2/1P2P1PP/R1BQKBNR w KQkq - 0 6,0.0,0.08965004
54738,rnbqk2r/ppp2ppp/4pn2/3p4/2PP4/P1b2P2/1P2P1PP/R1BQKBNR w KQkq - 0 6,0.0,0.08965004
2296515,rnbqk2r/ppp2ppp/4pn2/3p4/2PP4/P1b2P2/1P2P1PP/R1BQKBNR w KQkq - 0 6,0.0,0.08965004
7965865,rnbqk2r/ppp2ppp/4pn2/3p4/2PP4/P1b2P2/1P2P1PP/R1BQKBNR w KQkq - 0 6,0.0,0.08965004
39150,rnbqk2r/ppp2ppp/4pn2/3p4/2PP4/P1b2P2/1P2P1PP/R1BQKBNR w KQkq - 0 6,0.0,0.08965004
3835250,rnbqk2r/ppp2ppp/4pn2/3p4/2PP4/P1b2P2/1P2P1PP/R1BQKBNR w KQkq - 0 6,0.0,0.08965004
10938380,rnbqk2r/ppp2ppp/4pn2/3p4/2PP4/P1b2P2/1P2P1PP/R1BQKBNR w KQkq - 0 6,0.0,0.08965004
11416635,rnbqk2r/ppp2ppp/4pn2/3p4/2PP4/P1b2P2/1P2P1PP/R1BQKBNR w KQkq - 0 6,0.0,0.08965004
10519605,rnbqk2r/ppp2ppp/4pn2/3p4/2PP4/P1b2P2/1P2P1PP/R1BQKBNR w KQkq - 0 6,0.0,0.08965004
9334060,rnbqk2r/ppp2ppp/4pn2/3p4/2PP4/P1b2P2/1P2P1PP/R1BQKBNR w KQkq - 0 6,0.0,0.08965004
2898193,rnbqk2r/ppp2ppp/4pn2/3p4/2PP4/P1b2P2/1P2P1PP/R1BQKBNR w KQkq - 0 6,0.0,0.08965004
4924331,rnbqk2r/ppp2ppp/4pn2/3p4/2PP4/P1b2P2/1P2P1PP/R1BQKBNR w KQkq - 0 6,0.0,0.08965004
7661927,rnbqk2r/ppp2ppp/4pn2/3p4/2PP4/P1b2P2/1P2P1PP/R1BQKBNR w KQkq - 0 6,0.0,0.08965004
11658319,rnbqk2r/ppp2ppp/4pn2/3p4/2PP4/P1b2P2/1P2P1PP/R1BQKBNR w KQkq - 0 6,0.0,0.08965004
10529777,rnbqk2r/ppp2ppp/4pn2/3p4/2PP4/P1b2P2/1P2P1PP/R1BQKBNR w KQkq - 0 6,0.0,0.08965004
6635619,rnbqk2r/ppp2ppp/4pn2/3p4/2PP4/P1b2P2/1P2P1PP/R1BQKBNR w KQkq - 0 6,0.0,0.08965004
8772381,rnbqk2r/ppp2ppp/4pn2/3p4/2PP4/P1b2P2/1P2P1PP/R1BQKBNR w KQkq - 0 6,0.0,0.08965004
5199969,rnbqk2r/ppp2ppp/4pn2/3p4/2PP4/P1b2P2/1P2P1PP/R1BQKBNR w KQkq - 0 6,0.0,0.08965004
6983662,rnbqk2r/ppp2ppp/4pn2/3p4/2PP4/P1b2P2/1P2P1PP/R1BQKBNR w KQkq - 0 6,0.0,0.08965004
588024,rnbqk2r/ppp2ppp/4pn2/3p4/2PP4/P1b2P2/1P2P1PP/R1BQKBNR w KQkq - 0 6,0.0,0.08965004
5478088,rnbqk2r/ppp2ppp/4pn2/3p4/2PP4/P1b2P2/1P2P1PP/R1BQKBNR w KQkq - 0 6,0.0,0.08965004
718431,rnbqk2r/ppp2ppp/4pn2/3p4/2PP4/P1b2P2/1P2P1PP/R1BQKBNR w KQkq - 0 6,0.0,0.08965004
1435722,rnbqk2r/ppp2ppp/4pn2/3p4/2PP4/P1b2P2/1P2P1PP/R1BQKBNR w KQkq - 0 6,0.0,0.08965004
9186833,rnbqk2r/ppp2ppp/4pn2/3p4/2PP4/P1b2P2/1P2P1PP/R1BQKBNR w KQkq - 0 6,0.0,0.08965004
9659224,rnbqk2r/ppp2ppp/4pn2/3p4/2PP4/P1b2P2/1P2P1PP/R1BQKBNR w KQkq - 0 6,0.0,0.08965004
3477701,rnbqk2r/ppp2ppp/4pn2/3p4/2PP4/P1b2P2/1P2P1PP/R1BQKBNR w KQkq - 0 6,0.0,0.08965004
1308001,rnbqk2r/ppp2ppp/4pn2/3p4/2PP4/P1b2P2/1P2P1PP/R1BQKBNR w KQkq - 0 6,0.0,0.08965004
4156776,rnbqk2r/ppp2ppp/4pn2/3p4/2PP4/P1b2P2/1P2P1PP/R1BQKBNR w KQkq - 0 6,0.0,0.08965004
5682854,rnbqk2r/ppp2ppp/4pn2/3p4/2PP4/P1b2P2/1P2P1PP/R1BQKBNR w KQkq - 0 6,0.0,0.08965004
1997780,rnbqk2r/ppp2ppp/4pn2/3p4/2PP4/P1b2P2/1P2P1PP/R1BQKBNR w KQkq - 0 6,0.0,0.08965004
9218792,rnbqk2r/ppp2ppp/4pn2/3p4/2PP4/P1b2P2/1P2P1PP/R1BQKBNR w KQkq - 0 6,0.0,0.08965004
5638092,rnbqk2r/ppp2ppp/4pn2/3p4/2PP4/P1b2P2/1P2P1PP/R1BQKBNR w KQkq - 0 6,0.0,0.08965004
1223913,rnbqk2r/ppp2ppp/4pn2/3p4/2PP4/P1b2P2/1P2P1PP/R1BQKBNR w KQkq - 0 6,0.0,0.08965004
9222061,rnbqk2r/ppp2ppp/4pn2/3p4/2PP4/P1b2P2/1P2P1PP/R1BQKBNR w KQkq - 0 6,0.0,0.08965004
8991721,rnbqk2r/ppp2ppp/4pn2/3p4/2PP4/P1b2P2/1P2P1PP/R1BQKBNR w KQkq - 0 6,0.0,0.08965004
1700844,rnbqk2r/ppp2ppp/4pn2/3p4/2PP4/P1b2P2/1P2P1PP/R1BQKBNR w KQkq - 0 6,0.0,0.08965004
1310118,rnbqk2r/ppp2ppp/4pn2/3p4/2PP4/P1b2P2/1P2P1PP/R1BQKBNR w KQkq - 0 6,0.0,0.08965004
13963955,rnbqk2r/ppp2ppp/4pn2/3p4/2PP4/P1b2P2/1P2P1PP/R1BQKBNR w KQkq - 0 6,0.0,0.08965004
12652088,rnbqk2r/ppp2ppp/4pn2/3p4/2PP4/P1b2P2/1P2P1PP/R1BQKBNR w KQkq - 0 6,0.0,0.08965004
5475169,rnbqk2r/ppp2ppp/4pn2/3p4/2PP4/P1b2P2/1P2P1PP/R1BQKBNR w KQkq - 0 6,0.0,0.08965004
8350047,rnbqk2r/ppp2ppp/4pn2/3p4/2PP4/P1b2P2/1P2P1PP/R1BQKBNR w KQkq - 0 6,0.0,0.08965004
3646016,rnbqk2r/ppp2ppp/4pn2/3p4/2PP4/P1b2P2/1P2P1PP/R1BQKBNR w KQkq - 0 6,0.0,0.08965004
13138517,rnbqk2r/ppp2ppp/4pn2/3p4/2PP4/P1b2P2/1P2P1PP/R1BQKBNR w KQkq - 0 6,0.0,0.08965004
3797408,rnbqk2r/ppp2ppp/4pn2/3p4/2PP4/P1b2P2/1P2P1PP/R1BQKBNR w KQkq - 0 6,0.0,0.08965004
909323,rnbqk2r/ppp2ppp/4pn2/3p4/2PP4/P1b2P2/1P2P1PP/R1BQKBNR w KQkq - 0 6,0.0,0.08965004
10054177,rnbqk2r/ppp2ppp/4pn2/3p4/2PP4/P1b2P2/1P2P1PP/R1BQKBNR w KQkq - 0 6,0.0,0.08965004
13045304,rnbqk2r/ppp2ppp/4pn2/3p4/2PP4/P1b2P2/1P2P1PP/R1BQKBNR w KQkq - 0 6,0.0,0.08965004
3826406,rnbqk2r/ppp2ppp/4pn2/3p4/2PP4/P1b2P2/1P2P1PP/R1BQKBNR w KQkq - 0 6,0.0,0.08965004
2641990,rnbqk2r/ppp2ppp/4pn2/3p4/2PP4/P1b2P2/1P2P1PP/R1BQKBNR w KQkq - 0 6,0.0,0.08965004
5660492,rnbqk2r/ppp2ppp/4pn2/3p4/2PP4/P1b2P2/1P2P1PP/R1BQKBNR w KQkq - 0 6,0.0,0.08965004
11627994,rnbqk2r/ppp2ppp/4pn2/3p4/2PP4/P1b2P2/1P2P1PP/R1BQKBNR w KQkq - 0 6,0.0,0.08965004
12555005,rnbqk2r/ppp2ppp/4pn2/3p4/2PP4/P1b2P2/1P2P1PP/R1BQKBNR w KQkq - 0 6,0.0,0.08965004
10832732,rnbqk2r/ppp2ppp/4pn2/3p4/2PP4/P1b2P2/1P2P1PP/R1BQKBNR w KQkq - 0 6,0.0,0.08965004
354857,rnbqk2r/ppp2ppp/4pn2/3p4/2PP4/P1b2P2/1P2P1PP/R1BQKBNR w KQkq - 0 6,0.0,0.08965004
7154806,rnbqk2r/ppp2ppp/4pn2/3p4/2PP4/P1b2P2/1P2P1PP/R1BQKBNR w KQkq - 0 6,0.0,0.08965004
110737,rnbqk2r/ppp2ppp/4pn2/3p4/2PP4/P1b2P2/1P2P1PP/R1BQKBNR w KQkq - 0 6,0.0,0.08965004
3312339,rnbqk2r/ppp2ppp/4pn2/3p4/2PP4/P1b2P2/1P2P1PP/R1BQKBNR w KQkq - 0 6,0.0,0.08965004
7961854,rnbqk2r/ppp2ppp/4pn2/3p4/2PP4/P1b2P2/1P2P1PP/R1BQKBNR w KQkq - 0 6,0.0,0.08965004
4540141,rnbqk2r/ppp2ppp/4pn2/3p4/2PP4/P1b2P2/1P2P1PP/R1BQKBNR w KQkq - 0 6,0.0,0.08965004
3670796,rnbqk2r/ppp2ppp/4pn2/3p4/2PP4/P1b2P2/1P2P1PP/R1BQKBNR w KQkq - 0 6,0.0,0.08965004
13894291,rnbqk2r/ppp2ppp/4pn2/3p4/2PP4/P1b2P2/1P2P1PP/R1BQKBNR w KQkq - 0 6,0.0,0.08965004
5474830,rnbqk2r/ppp2ppp/4pn2/3p4/2PP4/P1b2P2/1P2P1PP/R1BQKBNR w KQkq - 0 6,0.0,0.08965004
2430264,rnbqk2r/ppp2ppp/4pn2/3p4/2PP4/P1b2P2/1P2P1PP/R1BQKBNR w KQkq - 0 6,0.0,0.08965004
10934943,rnbqk2r/ppp2ppp/4pn2/3p4/2PP4/P1b2P2/1P2P1PP/R1BQKBNR w KQkq - 0 6,0.0,0.08965004
12917123,rnbqk2r/ppp2ppp/4pn2/3p4/2PP4/P1b2P2/1P2P1PP/R1BQKBNR w KQkq - 0 6,0.0,0.08965004
5668784,rnbqk2r/ppp2ppp/4pn2/3p4/2PP4/P1b2P2/1P2P1PP/R1BQKBNR w KQkq - 0 6,0.0,0.08965004
11484037,rnbqk2r/ppp2ppp/4pn2/3p4/2PP4/P1b2P2/1P2P1PP/R1BQKBNR w KQkq - 0 6,0.0,0.08965004
9004847,rnbqk2r/ppp2ppp/4pn2/3p4/2PP4/P1b2P2/1P2P1PP/R1BQKBNR w KQkq - 0 6,0.0,0.08965004
11655942,rnbqk2r/ppp2ppp/4pn2/3p4/2PP4/P1b2P2/1P2P1PP/R1BQKBNR w KQkq - 0 6,0.0,0.08965004
13232833,rnbqk2r/ppp2ppp/4pn2/3p4/2PP4/P1b2P2/1P2P1PP/R1BQKBNR w KQkq - 0 6,0.0,0.08965004
13677967,rnbqk2r/ppp2ppp/4pn2/3p4/2PP4/P1b2P2/1P2P1PP/R1BQKBNR w KQkq - 0 6,0.0,0.08965004
13526938,rnbqk2r/ppp2ppp/4pn2/3p4/2PP4/P1b2P2/1P2P1PP/R1BQKBNR w KQkq - 0 6,0.0,0.08965004
5073457,rnbqk2r/ppp2ppp/4pn2/3p4/2PP4/P1b2P2/1P2P1PP/R1BQKBNR w KQkq - 0 6,0.0,0.08965004
8103283,rnbqk2r/ppp2ppp/4pn2/3p4/2PP4/P1b2P2/1P2P1PP/R1BQKBNR w KQkq - 0 6,0.0,0.08965004
12950219,rnbqk2r/ppp2ppp/4pn2/3p4/2PP4/P1b2P2/1P2P1PP/R1BQKBNR w KQkq - 0 6,0.0,0.08965004
6321758,rnbqk2r/ppp2ppp/4pn2/3p4/2PP4/P1b2P2/1P2P1PP/R1BQKBNR w KQkq - 0 6,0.0,0.08965004
10381287,rnbqk2r/ppp2ppp/4pn2/3p4/2PP4/P1b2P2/1P2P1PP/R1BQKBNR w KQkq - 0 6,0.0,0.08965004
1017000,rnbqk2r/ppp2ppp/4pn2/3p4/2PP4/P1b2P2/1P2P1PP/R1BQKBNR w KQkq - 0 6,0.0,0.08965004
7295511,rnbqk2r/ppp2ppp/4pn2/3p4/2PP4/P1b2P2/1P2P1PP/R1BQKBNR w KQkq - 0 6,0.0,0.08965004
8593775,rnbqk2r/ppp2ppp/4pn2/3p4/2PP4/P1b2P2/1P2P1PP/R1BQKBNR w KQkq - 0 6,0.0,0.08965004
7535223,rnbqk2r/ppp2ppp/4pn2/3p4/2PP4/P1b2P2/1P2P1PP/R1BQKBNR w KQkq - 0 6,0.0,0.08965004
24748,rnbqk2r/ppp2ppp/4pn2/3p4/2PP4/P1b2P2/1P2P1PP/R1BQKBNR w KQkq - 0 6,0.0,0.08965004
448999,rnbqk2r/ppp2ppp/4pn2/3p4/2PP4/P1b2P2/1P2P1PP/R1BQKBNR w KQkq - 0 6,0.0,0.08965004
10523910,rnbqk2r/ppp2ppp/4pn2/3p4/2PP4/P1b2P2/1P2P1PP/R1BQKBNR w KQkq - 0 6,0.0,0.08965004
2195080,rnbqk2r/ppp2ppp/4pn2/3p4/2PP4/P1b2P2/1P2P1PP/R1BQKBNR w KQkq - 0 6,0.0,0.08965004
4833953,rnbqk2r/ppp2ppp/4pn2/3p4/2PP4/P1b2P2/1P2P1PP/R1BQKBNR w KQkq - 0 6,0.0,0.08965004
1096745,rnbqk2r/ppp2ppp/4pn2/3p4/2PP4/P1b2P2/1P2P1PP/R1BQKBNR w KQkq - 0 6,0.0,0.08965004
7684249,rnbqk2r/ppp2ppp/4pn2/3p4/2PP4/P1b2P2/1P2P1PP/R1BQKBNR w KQkq - 0 6,0.0,0.08965004
10323331,rnbqk2r/ppp2ppp/4pn2/3p4/2PP4/P1b2P2/1P2P1PP/R1BQKBNR w KQkq - 0 6,0.0,0.08965004
5788067,rnbqk2r/ppp2ppp/4pn2/3p4/2PP4/P1b2P2/1P2P1PP/R1BQKBNR w KQkq - 0 6,0.0,0.08965004
3399840,rnbqk2r/ppp2ppp/4pn2/3p4/2PP4/P1b2P2/1P2P1PP/R1BQKBNR w KQkq - 0 6,0.0,0.08965004
8609340,rnbqk2r/ppp2ppp/4pn2/3p4/2PP4/P1b2P2/1P2P1PP/R1BQKBNR w KQkq - 0 6,0.0,0.08965004
11236897,rnbqk2r/ppp2ppp/4pn2/3p4/2PP4/P1b2P2/1P2P1PP/R1BQKBNR w KQkq - 0 6,0.0,0.08965004
8793486,rnbqk2r/ppp2ppp/4pn2/3p4/2PP4/P1b2P2/1P2P1PP/R1BQKBNR w KQkq - 0 6,0.0,0.08965004
6025204,rnbqk2r/ppp2ppp/4pn2/3p4/2PP4/P1b2P2/1P2P1PP/R1BQKBNR w KQkq - 0 6,0.0,0.08965004
5715058,rnbqk2r/ppp2ppp/4pn2/3p4/2PP4/P1b2P2/1P2P1PP/R1BQKBNR w KQkq - 0 6,0.0,0.08965004
3979443,rnbqk2r/ppp2ppp/4pn2/3p4/2PP4/P1b2P2/1P2P1PP/R1BQKBNR w KQkq - 0 6,0.0,0.08965004
9648464,rnbqk2r/ppp2ppp/4pn2/3p4/2PP4/P1b2P2/1P2P1PP/R1BQKBNR w KQkq - 0 6,0.0,0.08965004
6719196,rnbqk2r/ppp2ppp/4pn2/3p4/2PP4/P1b2P2/1P2P1PP/R1BQKBNR w KQkq - 0 6,0.0,0.08965004
10738887,rnbqk2r/ppp2ppp/4pn2/3p4/2PP4/P1b2P2/1P2P1PP/R1BQKBNR w KQkq - 0 6,0.0,0.08965004
1039235,rnbqk2r/ppp2ppp/4pn2/3p4/2PP4/P1b2P2/1P2P1PP/R1BQKBNR w KQkq - 0 6,0.0,0.08965004
4350145,rnbqk2r/ppp2ppp/4pn2/3p4/2PP4/P1b2P2/1P2P1PP/R1BQKBNR w KQkq - 0 6,0.0,0.08965004
6506828,rnbqk2r/ppp2ppp/4pn2/3p4/2PP4/P1b2P2/1P2P1PP/R1BQKBNR w KQkq - 0 6,0.0,0.08965004
13841394,rnbqk2r/ppp2ppp/4pn2/3p4/2PP4/P1b2P2/1P2P1PP/R1BQKBNR w KQkq - 0 6,0.0,0.08965004
5679597,rnbqk2r/ppp2ppp/4pn2/3p4/2PP4/P1b2P2/1P2P1PP/R1BQKBNR w KQkq - 0 6,0.0,0.08965004
8044103,rnbqk2r/ppp2ppp/4pn2/3p4/2PP4/P1b2P2/1P2P1PP/R1BQKBNR w KQkq - 0 6,0.0,0.08965004
6601404,rnbqk2r/ppp2ppp/4pn2/3p4/2PP4/P1b2P2/1P2P1PP/R1BQKBNR w KQkq - 0 6,0.0,0.08965004
7483932,rnbqk2r/ppp2ppp/4pn2/3p4/2PP4/P1b2P2/1P2P1PP/R1BQKBNR w KQkq - 0 6,0.0,0.08965004
333736,rnbqk2r/ppp2ppp/4pn2/3p4/2PP4/P1b2P2/1P2P1PP/R1BQKBNR w KQkq - 0 6,0.0,0.08965004
7981880,rnbqk2r/ppp2ppp/4pn2/3p4/2PP4/P1b2P2/1P2P1PP/R1BQKBNR w KQkq - 0 6,0.0,0.08965004
11853219,rnbqk2r/ppp2ppp/4pn2/3p4/2PP4/P1b2P2/1P2P1PP/R1BQKBNR w KQkq - 0 6,0.0,0.08965004
48085,rnbqk2r/ppp2ppp/4pn2/3p4/2PP4/P1b2P2/1P2P1PP/R1BQKBNR w KQkq - 0 6,0.0,0.08965004
4621260,rnbqk2r/ppp2ppp/4pn2/3p4/2PP4/P1b2P2/1P2P1PP/R1BQKBNR w KQkq - 0 6,0.0,0.08965004
76206,rnbqk2r/ppp2ppp/4pn2/3p4/2PP4/P1b2P2/1P2P1PP/R1BQKBNR w KQkq - 0 6,0.0,0.08965004
4774042,rnbqk2r/ppp2ppp/4pn2/3p4/2PP4/P1b2P2/1P2P1PP/R1BQKBNR w KQkq - 0 6,0.0,0.08965004
4493116,rnbqk2r/ppp2ppp/4pn2/3p4/2PP4/P1b2P2/1P2P1PP/R1BQKBNR w KQkq - 0 6,0.0,0.08965004
10620268,rnbqk2r/ppp2ppp/4pn2/3p4/2PP4/P1b2P2/1P2P1PP/R1BQKBNR w KQkq - 0 6,0.0,0.08965004
3272308,rnbqk2r/ppp2ppp/4pn2/3p4/2PP4/P1b2P2/1P2P1PP/R1BQKBNR w KQkq - 0 6,0.0,0.08965004
2533525,rnbqk2r/ppp2ppp/4pn2/3p4/2PP4/P1b2P2/1P2P1PP/R1BQKBNR w KQkq - 0 6,0.0,0.08965004
1826677,rnbqk2r/ppp2ppp/4pn2/3p4/2PP4/P1b2P2/1P2P1PP/R1BQKBNR w KQkq - 0 6,0.0,0.08965004
7854589,rnbqk2r/ppp2ppp/4pn2/3p4/2PP4/P1b2P2/1P2P1PP/R1BQKBNR w KQkq - 0 6,0.0,0.08965004
6364892,rnbqk2r/ppp2ppp/4pn2/3p4/2PP4/P1b2P2/1P2P1PP/R1BQKBNR w KQkq - 0 6,0.0,0.08965004
12202624,rnbqk2r/ppp2ppp/4pn2/3p4/2PP4/P1b2P2/1P2P1PP/R1BQKBNR w KQkq - 0 6,0.0,0.08965004
2146287,rnbqk2r/ppp2ppp/4pn2/3p4/2PP4/P1b2P2/1P2P1PP/R1BQKBNR w KQkq - 0 6,0.0,0.08965004
9984334,rnbqk2r/ppp2ppp/4pn2/3p4/2PP4/P1b2P2/1P2P1PP/R1BQKBNR w KQkq - 0 6,0.0,0.08965004
3812933,rnbqk2r/ppp2ppp/4pn2/3p4/2PP4/P1b2P2/1P2P1PP/R1BQKBNR w KQkq - 0 6,0.0,0.08965004
12070259,rnbqk2r/ppp2ppp/4pn2/3p4/2PP4/P1b2P2/1P2P1PP/R1BQKBNR w KQkq - 0 6,0.0,0.08965004
2245215,rnbqk2r/ppp2ppp/4pn2/3p4/2PP4/P1b2P2/1P2P1PP/R1BQKBNR w KQkq - 0 6,0.0,0.08965004
6958860,rnbqk2r/ppp2ppp/4pn2/3p4/2PP4/P1b2P2/1P2P1PP/R1BQKBNR w KQkq - 0 6,0.0,0.08965004
2786260,rnbqk2r/ppp2ppp/4pn2/3p4/2PP4/P1b2P2/1P2P1PP/R1BQKBNR w KQkq - 0 6,0.0,0.08965004
7698079,rnbqk2r/ppp2ppp/4pn2/3p4/2PP4/P1b2P2/1P2P1PP/R1BQKBNR w KQkq - 0 6,0.0,0.08965004
12304569,rnbqk2r/ppp2ppp/4pn2/3p4/2PP4/P1b2P2/1P2P1PP/R1BQKBNR w KQkq - 0 6,0.0,0.08965004
12888209,rnbqk2r/ppp2ppp/4pn2/3p4/2PP4/P1b2P2/1P2P1PP/R1BQKBNR w KQkq - 0 6,0.0,0.08965004
8088558,rnbqk2r/ppp2ppp/4pn2/3p4/2PP4/P1b2P2/1P2P1PP/R1BQKBNR w KQkq - 0 6,0.0,0.08965004
5436957,rnbqk2r/ppp2ppp/4pn2/3p4/2PP4/P1b2P2/1P2P1PP/R1BQKBNR w KQkq - 0 6,0.0,0.08965004
3594685,rnbqk2r/ppp2ppp/4pn2/3p4/2PP4/P1b2P2/1P2P1PP/R1BQKBNR w KQkq - 0 6,0.0,0.08965004
12917407,rnbqk2r/ppp2ppp/4pn2/3p4/2PP4/P1b2P2/1P2P1PP/R1BQKBNR w KQkq - 0 6,0.0,0.08965004
8167322,rnbqk2r/ppp2ppp/4pn2/3p4/2PP4/P1b2P2/1P2P1PP/R1BQKBNR w KQkq - 0 6,0.0,0.08965004
8509198,rnbqk2r/ppp2ppp/4pn2/3p4/2PP4/P1b2P2/1P2P1PP/R1BQKBNR w KQkq - 0 6,0.0,0.08965004
3836608,rnbqk2r/ppp2ppp/4pn2/3p4/2PP4/P1b2P2/1P2P1PP/R1BQKBNR w KQkq - 0 6,0.0,0.08965004
11138572,rnbqk2r/ppp2ppp/4pn2/3p4/2PP4/P1b2P2/1P2P1PP/R1BQKBNR w KQkq - 0 6,0.0,0.08965004
9954101,rnbqk2r/ppp2ppp/4pn2/3p4/2PP4/P1b2P2/1P2P1PP/R1BQKBNR w KQkq - 0 6,0.0,0.08965004
11782295,rnbqk2r/ppp2ppp/4pn2/3p4/2PP4/P1b2P2/1P2P1PP/R1BQKBNR w KQkq - 0 6,0.0,0.08965004
7853351,rnbqk2r/ppp2ppp/4pn2/3p4/2PP4/P1b2P2/1P2P1PP/R1BQKBNR w KQkq - 0 6,0.0,0.08965004
2001557,rnbqk2r/ppp2ppp/4pn2/3p4/2PP4/P1b2P2/1P2P1PP/R1BQKBNR w KQkq - 0 6,0.0,0.08965004
8109505,rnbqk2r/ppp2ppp/4pn2/3p4/2PP4/P1b2P2/1P2P1PP/R1BQKBNR w KQkq - 0 6,0.0,0.08965004
10319454,rnbqk2r/ppp2ppp/4pn2/3p4/2PP4/P1b2P2/1P2P1PP/R1BQKBNR w KQkq - 0 6,0.0,0.08965004
12086939,rnbqk2r/ppp2ppp/4pn2/3p4/2PP4/P1b2P2/1P2P1PP/R1BQKBNR w KQkq - 0 6,0.0,0.08965004
13975835,rnbqk2r/ppp2ppp/4pn2/3p4/2PP4/P1b2P2/1P2P1PP/R1BQKBNR w KQkq - 0 6,0.0,0.08965004
7282985,rnbqk2r/ppp2ppp/4pn2/3p4/2PP4/P1b2P2/1P2P1PP/R1BQKBNR w KQkq - 0 6,0.0,0.08965004
11412984,rnbqk2r/ppp2ppp/4pn2/3p4/2PP4/P1b2P2/1P2P1PP/R1BQKBNR w KQkq - 0 6,0.0,0.08965004
10927661,rnbqk2r/ppp2ppp/4pn2/3p4/2PP4/P1b2P2/1P2P1PP/R1BQKBNR w KQkq - 0 6,0.0,0.08965004
10029401,rnbqk2r/ppp2ppp/4pn2/3p4/2PP4/P1b2P2/1P2P1PP/R1BQKBNR w KQkq - 0 6,0.0,0.08965004
4762503,rnbqk2r/ppp2ppp/4pn2/3p4/2PP4/P1b2P2/1P2P1PP/R1BQKBNR w KQkq - 0 6,0.0,0.08965004
4477899,rnbqk2r/ppp2ppp/4pn2/3p4/2PP4/P1b2P2/1P2P1PP/R1BQKBNR w KQkq - 0 6,0.0,0.08965004
10906316,rnbqk2r/ppp2ppp/4pn2/3p4/2PP4/P1b2P2/1P2P1PP/R1BQKBNR w KQkq - 0 6,0.0,0.08965004
10370235,rnbqk2r/ppp2ppp/4pn2/3p4/2PP4/P1b2P2/1P2P1PP/R1BQKBNR w KQkq - 0 6,0.0,0.08965004
8414215,rnbqk2r/ppp2ppp/4pn2/3p4/2PP4/P1b2P2/1P2P1PP/R1BQKBNR w KQkq - 0 6,0.0,0.08965004
6957406,rnbqk2r/ppp2ppp/4pn2/3p4/2PP4/P1b2P2/1P2P1PP/R1BQKBNR w KQkq - 0 6,0.0,0.08965004
6294468,rnbqk2r/ppp2ppp/4pn2/3p4/2PP4/P1b2P2/1P2P1PP/R1BQKBNR w KQkq - 0 6,0.0,0.08965004
12351334,rnbqk2r/ppp2ppp/4pn2/3p4/2PP4/P1b2P2/1P2P1PP/R1BQKBNR w KQkq - 0 6,0.0,0.08965004
13582060,rnbqk2r/ppp2ppp/4pn2/3p4/2PP4/P1b2P2/1P2P1PP/R1BQKBNR w KQkq - 0 6,0.0,0.08965004
4016979,rnbqk2r/ppp2ppp/4pn2/3p4/2PP4/P1b2P2/1P2P1PP/R1BQKBNR w KQkq - 0 6,0.0,0.08965004
1088185,rnbqk2r/ppp2ppp/4pn2/3p4/2PP4/P1b2P2/1P2P1PP/R1BQKBNR w KQkq - 0 6,0.0,0.08965004
6853756,rnbqk2r/ppp2ppp/4pn2/3p4/2PP4/P1b2P2/1P2P1PP/R1BQKBNR w KQkq - 0 6,0.0,0.08965004
13079518,rnbqk2r/ppp2ppp/4pn2/3p4/2PP4/P1b2P2/1P2P1PP/R1BQKBNR w KQkq - 0 6,0.0,0.08965004
14119469,rnbqk2r/ppp2ppp/4pn2/3p4/2PP4/P1b2P2/1P2P1PP/R1BQKBNR w KQkq - 0 6,0.0,0.08965004
3102998,rnbqkb1r/pp1p1ppp/5n2/2pp2B1/2P5/8/PP2PPPP/RN1QKBNR w KQkq - 0 5,0.0,0.088279136
11161159,rnb1k2r/p2p1ppp/1p2pn2/8/2PP4/4PN2/1P1q1PPP/RN2KB1R w KQkq - 0 10,0.0,0.06382633
3910934,rnbqkb1r/pp1ppppp/5n2/8/2Pp4/5N2/PP2PPPP/RNBQKB1R w KQkq - 0 4,0.0,0.025902875
4096859,rnbqkb1r/pp1ppppp/5n2/8/2Pp4/5N2/PP2PPPP/RNBQKB1R w KQkq - 0 4,0.0,0.025902875
11868850,rnbqkb1r/pp1ppppp/5n2/8/2Pp4/5N2/PP2PPPP/RNBQKB1R w KQkq - 0 4,0.0,0.025902875
11704276,rnbqkb1r/pp1ppppp/5n2/8/2Pp4/5N2/PP2PPPP/RNBQKB1R w KQkq - 0 4,0.0,0.025902875
907301,rnbqkb1r/pp1ppppp/5n2/8/2Pp4/5N2/PP2PPPP/RNBQKB1R w KQkq - 0 4,0.0,0.025902875
4177127,rnbqkb1r/pp1ppppp/5n2/8/2Pp4/5N2/PP2PPPP/RNBQKB1R w KQkq - 0 4,0.0,0.025902875
5100872,rnbqkb1r/pp1ppppp/5n2/8/2Pp4/5N2/PP2PPPP/RNBQKB1R w KQkq - 0 4,0.0,0.025902875
2315363,rnbqkb1r/pp1ppppp/5n2/8/2Pp4/5N2/PP2PPPP/RNBQKB1R w KQkq - 0 4,0.0,0.025902875
2783399,rnbqkb1r/pp1ppppp/5n2/8/2Pp4/5N2/PP2PPPP/RNBQKB1R w KQkq - 0 4,0.0,0.025902875
6676763,rnbqkb1r/pp1ppppp/5n2/8/2Pp4/5N2/PP2PPPP/RNBQKB1R w KQkq - 0 4,0.0,0.025902875
3979239,rnbqkb1r/pp1ppppp/5n2/8/2Pp4/5N2/PP2PPPP/RNBQKB1R w KQkq - 0 4,0.0,0.025902875
3451326,rnbqkb1r/pp1ppppp/5n2/8/2Pp4/5N2/PP2PPPP/RNBQKB1R w KQkq - 0 4,0.0,0.025902875
747734,rnbqkb1r/pp1ppppp/5n2/8/2Pp4/5N2/PP2PPPP/RNBQKB1R w KQkq - 0 4,0.0,0.025902875
6327266,rnbqkb1r/pp1ppppp/5n2/8/2Pp4/5N2/PP2PPPP/RNBQKB1R w KQkq - 0 4,0.0,0.025902875
9815665,rnbqkb1r/pp1ppppp/5n2/8/2Pp4/5N2/PP2PPPP/RNBQKB1R w KQkq - 0 4,0.0,0.025902875
1569749,rnbqkb1r/pp1ppppp/5n2/8/2Pp4/5N2/PP2PPPP/RNBQKB1R w KQkq - 0 4,0.0,0.025902875
4988988,rnbqkb1r/pp1ppppp/5n2/8/2Pp4/5N2/PP2PPPP/RNBQKB1R w KQkq - 0 4,0.0,0.025902875
3827634,rnbqkb1r/pp1ppppp/5n2/8/2Pp4/5N2/PP2PPPP/RNBQKB1R w KQkq - 0 4,0.0,0.025902875
6013692,rnbqkb1r/pp1ppppp/5n2/8/2Pp4/5N2/PP2PPPP/RNBQKB1R w KQkq - 0 4,0.0,0.025902875
7666698,rnbqkb1r/pp1ppppp/5n2/8/2Pp4/5N2/PP2PPPP/RNBQKB1R w KQkq - 0 4,0.0,0.025902875
7387549,rnbqkb1r/pp1ppppp/5n2/8/2Pp4/5N2/PP2PPPP/RNBQKB1R w KQkq - 0 4,0.0,0.025902875
4282969,rnbqkb1r/pp1ppppp/5n2/8/2Pp4/5N2/PP2PPPP/RNBQKB1R w KQkq - 0 4,0.0,0.025902875
3681556,rnbqkb1r/pp1ppppp/5n2/8/2Pp4/5N2/PP2PPPP/RNBQKB1R w KQkq - 0 4,0.0,0.025902875
6086219,rnbqkb1r/pp1ppppp/5n2/8/2Pp4/5N2/PP2PPPP/RNBQKB1R w KQkq - 0 4,0.0,0.025902875
8621898,rnbqkb1r/pp1ppppp/5n2/8/2Pp4/5N2/PP2PPPP/RNBQKB1R w KQkq - 0 4,0.0,0.025902875
1587059,rnbqkb1r/pp1ppppp/5n2/8/2Pp4/5N2/PP2PPPP/RNBQKB1R w KQkq - 0 4,0.0,0.025902875
6854859,rnbqkb1r/pp1ppppp/5n2/8/2Pp4/5N2/PP2PPPP/RNBQKB1R w KQkq - 0 4,0.0,0.025902875
13267995,rnbqkb1r/pp1ppppp/5n2/8/2Pp4/5N2/PP2PPPP/RNBQKB1R w KQkq - 0 4,0.0,0.025902875
10185203,rnbqkb1r/pp1ppppp/5n2/8/2Pp4/5N2/PP2PPPP/RNBQKB1R w KQkq - 0 4,0.0,0.025902875
13705228,rnbqkb1r/pp1ppppp/5n2/8/2Pp4/5N2/PP2PPPP/RNBQKB1R w KQkq - 0 4,0.0,0.025902875
3977523,rnbqkb1r/pp1ppppp/5n2/8/2Pp4/5N2/PP2PPPP/RNBQKB1R w KQkq - 0 4,0.0,0.025902875
8361122,rnbqkb1r/pp1ppppp/5n2/8/2Pp4/5N2/PP2PPPP/RNBQKB1R w KQkq - 0 4,0.0,0.025902875
8334671,rnbqkb1r/pp1ppppp/5n2/8/2Pp4/5N2/PP2PPPP/RNBQKB1R w KQkq - 0 4,0.0,0.025902875
12870254,rnbqkb1r/pp1ppppp/5n2/8/2Pp4/5N2/PP2PPPP/RNBQKB1R w KQkq - 0 4,0.0,0.025902875
7194617,rnbqkb1r/pp1ppppp/5n2/8/2Pp4/5N2/PP2PPPP/RNBQKB1R w KQkq - 0 4,0.0,0.025902875
6088585,rnbqkb1r/pp1ppppp/5n2/8/2Pp4/5N2/PP2PPPP/RNBQKB1R w KQkq - 0 4,0.0,0.025902875
7816949,rnbqkb1r/pp1ppppp/5n2/8/2Pp4/5N2/PP2PPPP/RNBQKB1R w KQkq - 0 4,0.0,0.025902875
9311441,rnbqkb1r/pp1ppppp/5n2/8/2Pp4/5N2/PP2PPPP/RNBQKB1R w KQkq - 0 4,0.0,0.025902875
7996574,rnbqkb1r/pp1ppppp/5n2/8/2Pp4/5N2/PP2PPPP/RNBQKB1R w KQkq - 0 4,0.0,0.025902875
3591197,rnbqkb1r/pp1ppppp/5n2/8/2Pp4/5N2/PP2PPPP/RNBQKB1R w KQkq - 0 4,0.0,0.025902875
12093443,rnbqkb1r/pp1ppppp/5n2/8/2Pp4/5N2/PP2PPPP/RNBQKB1R w KQkq - 0 4,0.0,0.025902875
13559363,rnbqkb1r/pp1ppppp/5n2/8/2Pp4/5N2/PP2PPPP/RNBQKB1R w KQkq - 0 4,0.0,0.025902875
4798620,rnbqkb1r/pp1ppppp/5n2/8/2Pp4/5N2/PP2PPPP/RNBQKB1R w KQkq - 0 4,0.0,0.025902875
7580949,rnbqkb1r/pp1ppppp/5n2/8/2Pp4/5N2/PP2PPPP/RNBQKB1R w KQkq - 0 4,0.0,0.025902875
5385362,rnbqkb1r/pp1ppppp/5n2/8/2Pp4/5N2/PP2PPPP/RNBQKB1R w KQkq - 0 4,0.0,0.025902875
8313149,rnbqkb1r/pp1ppppp/5n2/8/2Pp4/5N2/PP2PPPP/RNBQKB1R w KQkq - 0 4,0.0,0.025902875
4085636,rnbqkb1r/pp1ppppp/5n2/8/2Pp4/5N2/PP2PPPP/RNBQKB1R w KQkq - 0 4,0.0,0.025902875
12397467,rnbqkb1r/pp1ppppp/5n2/8/2Pp4/5N2/PP2PPPP/RNBQKB1R w KQkq - 0 4,0.0,0.025902875
12668704,rnbqkb1r/pp1ppppp/5n2/8/2Pp4/5N2/PP2PPPP/RNBQKB1R w KQkq - 0 4,0.0,0.025902875
3298818,rnbqkb1r/pp1ppppp/5n2/8/2Pp4/5N2/PP2PPPP/RNBQKB1R w KQkq - 0 4,0.0,0.025902875
11444620,rnbqkb1r/pp1ppppp/5n2/8/2Pp4/5N2/PP2PPPP/RNBQKB1R w KQkq - 0 4,0.0,0.025902875
7691103,rnbqkb1r/pp1ppppp/5n2/8/2Pp4/5N2/PP2PPPP/RNBQKB1R w KQkq - 0 4,0.0,0.025902875
8209049,rnbqkb1r/pp1ppppp/5n2/8/2Pp4/5N2/PP2PPPP/RNBQKB1R w KQkq - 0 4,0.0,0.025902875
6035510,rnbqkb1r/pp1ppppp/5n2/8/2Pp4/5N2/PP2PPPP/RNBQKB1R w KQkq - 0 4,0.0,0.025902875
7562394,rnbqkb1r/pp1ppppp/5n2/8/2Pp4/5N2/PP2PPPP/RNBQKB1R w KQkq - 0 4,0.0,0.025902875
3638878,rnbqkb1r/pp1ppppp/5n2/8/2Pp4/5N2/PP2PPPP/RNBQKB1R w KQkq - 0 4,0.0,0.025902875
2862868,rnbqkb1r/pp1ppppp/5n2/8/2Pp4/5N2/PP2PPPP/RNBQKB1R w KQkq - 0 4,0.0,0.025902875
2550309,rnbqkb1r/pp1ppppp/5n2/8/2Pp4/5N2/PP2PPPP/RNBQKB1R w KQkq - 0 4,0.0,0.025902875
6628922,rnbqkb1r/pp1ppppp/5n2/8/2Pp4/5N2/PP2PPPP/RNBQKB1R w KQkq - 0 4,0.0,0.025902875
9213972,rnbqkb1r/pp1ppppp/5n2/8/2Pp4/5N2/PP2PPPP/RNBQKB1R w KQkq - 0 4,0.0,0.025902875
3428353,rnbqkb1r/pp1ppppp/5n2/8/2Pp4/5N2/PP2PPPP/RNBQKB1R w KQkq - 0 4,0.0,0.025902875
9044365,rnbqkb1r/pp1ppppp/5n2/8/2Pp4/5N2/PP2PPPP/RNBQKB1R w KQkq - 0 4,0.0,0.025902875
1242758,rnbqkb1r/pp1ppppp/5n2/8/2Pp4/5N2/PP2PPPP/RNBQKB1R w KQkq - 0 4,0.0,0.025902875
11944005,rnbqkb1r/pp1ppppp/5n2/8/2Pp4/5N2/PP2PPPP/RNBQKB1R w KQkq - 0 4,0.0,0.025902875
11010036,rnbqkb1r/pp1ppppp/5n2/8/2Pp4/5N2/PP2PPPP/RNBQKB1R w KQkq - 0 4,0.0,0.025902875
4649822,rnbqkb1r/pp1ppppp/5n2/8/2Pp4/5N2/PP2PPPP/RNBQKB1R w KQkq - 0 4,0.0,0.025902875
2586063,rnbqkb1r/pp1ppppp/5n2/8/2Pp4/5N2/PP2PPPP/RNBQKB1R w KQkq - 0 4,0.0,0.025902875
11558443,rnbqkb1r/pp1ppppp/5n2/8/2Pp4/5N2/PP2PPPP/RNBQKB1R w KQkq - 0 4,0.0,0.025902875
12709094,rnbqkb1r/pp1ppppp/5n2/8/2Pp4/5N2/PP2PPPP/RNBQKB1R w KQkq - 0 4,0.0,0.025902875
13072738,rnbqkb1r/pp1ppppp/5n2/8/2Pp4/5N2/PP2PPPP/RNBQKB1R w KQkq - 0 4,0.0,0.025902875
10737870,rnbqkb1r/pp1ppppp/5n2/8/2Pp4/5N2/PP2PPPP/RNBQKB1R w KQkq - 0 4,0.0,0.025902875
1467184,rnbqkb1r/pp1ppppp/5n2/8/2Pp4/5N2/PP2PPPP/RNBQKB1R w KQkq - 0 4,0.0,0.025902875
1858633,rnbqkb1r/pp1ppppp/5n2/8/2Pp4/5N2/PP2PPPP/RNBQKB1R w KQkq - 0 4,0.0,0.025902875
3428646,rnbqkb1r/pp1ppppp/5n2/8/2Pp4/5N2/PP2PPPP/RNBQKB1R w KQkq - 0 4,0.0,0.025902875
2212193,rnbqkb1r/pp1ppppp/5n2/8/2Pp4/5N2/PP2PPPP/RNBQKB1R w KQkq - 0 4,0.0,0.025902875
9030365,rnbqkb1r/pp1ppppp/5n2/8/2Pp4/5N2/PP2PPPP/RNBQKB1R w KQkq - 0 4,0.0,0.025902875
13281672,rnbqkb1r/pp1ppppp/5n2/8/2Pp4/5N2/PP2PPPP/RNBQKB1R w KQkq - 0 4,0.0,0.025902875
12676237,rnbqkb1r/pp1ppppp/5n2/8/2Pp4/5N2/PP2PPPP/RNBQKB1R w KQkq - 0 4,0.0,0.025902875
4984059,rnbqkb1r/pp1ppppp/5n2/8/2Pp4/5N2/PP2PPPP/RNBQKB1R w KQkq - 0 4,0.0,0.025902875
11864992,rnbqkb1r/pp1ppppp/5n2/8/2Pp4/5N2/PP2PPPP/RNBQKB1R w KQkq - 0 4,0.0,0.025902875
87161,rnbqkb1r/pp1ppppp/5n2/8/2Pp4/5N2/PP2PPPP/RNBQKB1R w KQkq - 0 4,0.0,0.025902875
2626786,rnbqkb1r/pp1ppppp/5n2/8/2Pp4/5N2/PP2PPPP/RNBQKB1R w KQkq - 0 4,0.0,0.025902875
6294466,rnbqkb1r/pp1ppppp/5n2/8/2Pp4/5N2/PP2PPPP/RNBQKB1R w KQkq - 0 4,0.0,0.025902875
2686351,rnbqkb1r/pp1ppppp/5n2/8/2Pp4/5N2/PP2PPPP/RNBQKB1R w KQkq - 0 4,0.0,0.025902875
534087,rnbqkb1r/pp1ppppp/5n2/8/2Pp4/5N2/PP2PPPP/RNBQKB1R w KQkq - 0 4,0.0,0.025902875
10668683,rnbqkb1r/pp1ppppp/5n2/8/2Pp4/5N2/PP2PPPP/RNBQKB1R w KQkq - 0 4,0.0,0.025902875
7206040,rnbqkb1r/pp1ppppp/5n2/8/2Pp4/5N2/PP2PPPP/RNBQKB1R w KQkq - 0 4,0.0,0.025902875
9325544,rnbqkb1r/pp1ppppp/5n2/8/2Pp4/5N2/PP2PPPP/RNBQKB1R w KQkq - 0 4,0.0,0.025902875
13542705,rnbqkb1r/pp1ppppp/5n2/8/2Pp4/5N2/PP2PPPP/RNBQKB1R w KQkq - 0 4,0.0,0.025902875
358558,rnbqkb1r/pp1ppppp/5n2/8/2Pp4/5N2/PP2PPPP/RNBQKB1R w KQkq - 0 4,0.0,0.025902875
6949633,rnbqkb1r/pp1ppppp/5n2/8/2Pp4/5N2/PP2PPPP/RNBQKB1R w KQkq - 0 4,0.0,0.025902875
6320275,rnbqkb1r/pp1ppppp/5n2/8/2Pp4/5N2/PP2PPPP/RNBQKB1R w KQkq - 0 4,0.0,0.025902875
2258509,rnbqkb1r/pp1ppppp/5n2/8/2Pp4/5N2/PP2PPPP/RNBQKB1R w KQkq - 0 4,0.0,0.025902875
1809588,rnbqkb1r/pp1ppppp/5n2/8/2Pp4/5N2/PP2PPPP/RNBQKB1R w KQkq - 0 4,0.0,0.025902875
7251389,rnbqkb1r/pp1ppppp/5n2/8/2Pp4/5N2/PP2PPPP/RNBQKB1R w KQkq - 0 4,0.0,0.025902875
7648515,rnbqkb1r/pp1ppppp/5n2/8/2Pp4/5N2/PP2PPPP/RNBQKB1R w KQkq - 0 4,0.0,0.025902875
7361513,rnbqkb1r/pp1ppppp/5n2/8/2Pp4/5N2/PP2PPPP/RNBQKB1R w KQkq - 0 4,0.0,0.025902875
5433151,rnbqkb1r/pp1ppppp/5n2/8/2Pp4/5N2/PP2PPPP/RNBQKB1R w KQkq - 0 4,0.0,0.025902875
7836507,rnbqkb1r/pp1ppppp/5n2/8/2Pp4/5N2/PP2PPPP/RNBQKB1R w KQkq - 0 4,0.0,0.025902875
4640452,rnbqkb1r/pp1ppppp/5n2/8/2Pp4/5N2/PP2PPPP/RNBQKB1R w KQkq - 0 4,0.0,0.025902875
4221581,rnbqkb1r/pp1ppppp/5n2/8/2Pp4/5N2/PP2PPPP/RNBQKB1R w KQkq - 0 4,0.0,0.025902875
5042798,rnbqkb1r/pp1ppppp/5n2/8/2Pp4/5N2/PP2PPPP/RNBQKB1R w KQkq - 0 4,0.0,0.025902875
8278801,rnbqkb1r/pp1ppppp/5n2/8/2Pp4/5N2/PP2PPPP/RNBQKB1R w KQkq - 0 4,0.0,0.025902875
7336660,rnbqkb1r/pp1ppppp/5n2/8/2Pp4/5N2/PP2PPPP/RNBQKB1R w KQkq - 0 4,0.0,0.025902875
7913748,rnbqkb1r/pp1ppppp/5n2/8/2Pp4/5N2/PP2PPPP/RNBQKB1R w KQkq - 0 4,0.0,0.025902875
10154119,rnbqkb1r/pp1ppppp/5n2/8/2Pp4/5N2/PP2PPPP/RNBQKB1R w KQkq - 0 4,0.0,0.025902875
3590850,rnbqkb1r/pp1ppppp/5n2/8/2Pp4/5N2/PP2PPPP/RNBQKB1R w KQkq - 0 4,0.0,0.025902875
10186302,rnbqkb1r/pp1ppppp/5n2/8/2Pp4/5N2/PP2PPPP/RNBQKB1R w KQkq - 0 4,0.0,0.025902875
8606827,rnbqkb1r/pp1ppppp/5n2/8/2Pp4/5N2/PP2PPPP/RNBQKB1R w KQkq - 0 4,0.0,0.025902875
12357606,rnbqkb1r/pp1ppppp/5n2/8/2Pp4/5N2/PP2PPPP/RNBQKB1R w KQkq - 0 4,0.0,0.025902875
3732751,rnbqkb1r/pp1ppppp/5n2/8/2Pp4/5N2/PP2PPPP/RNBQKB1R w KQkq - 0 4,0.0,0.025902875
11186392,rnbqkb1r/pp1ppppp/5n2/8/2Pp4/5N2/PP2PPPP/RNBQKB1R w KQkq - 0 4,0.0,0.025902875
11370550,rnbqkb1r/pp1ppppp/5n2/8/2Pp4/5N2/PP2PPPP/RNBQKB1R w KQkq - 0 4,0.0,0.025902875
9897167,rnbqkb1r/pp1ppppp/5n2/8/2Pp4/5N2/PP2PPPP/RNBQKB1R w KQkq - 0 4,0.0,0.025902875
1241546,rnbqkb1r/pp1ppppp/5n2/8/2Pp4/5N2/PP2PPPP/RNBQKB1R w KQkq - 0 4,0.0,0.025902875
3636508,rnbqkb1r/pp1ppppp/5n2/8/2Pp4/5N2/PP2PPPP/RNBQKB1R w KQkq - 0 4,0.0,0.025902875
511847,rnbqkb1r/pp1ppppp/5n2/8/2Pp4/5N2/PP2PPPP/RNBQKB1R w KQkq - 0 4,0.0,0.025902875
8468928,rnbqkb1r/pp1ppppp/5n2/8/2Pp4/5N2/PP2PPPP/RNBQKB1R w KQkq - 0 4,0.0,0.025902875
2391647,rnbqkb1r/pp1ppppp/5n2/8/2Pp4/5N2/PP2PPPP/RNBQKB1R w KQkq - 0 4,0.0,0.025902875
10487732,rnbqkb1r/pp1ppppp/5n2/8/2Pp4/5N2/PP2PPPP/RNBQKB1R w KQkq - 0 4,0.0,0.025902875
3301212,rnbqkb1r/pp1ppppp/5n2/8/2Pp4/5N2/PP2PPPP/RNBQKB1R w KQkq - 0 4,0.0,0.025902875
3596217,rnbqkb1r/pp1ppppp/5n2/8/2Pp4/5N2/PP2PPPP/RNBQKB1R w KQkq - 0 4,0.0,0.025902875
4938307,rnbqkb1r/pp1ppppp/5n2/8/2Pp4/5N2/PP2PPPP/RNBQKB1R w KQkq - 0 4,0.0,0.025902875
7523130,rnbqkb1r/pp1ppppp/5n2/8/2Pp4/5N2/PP2PPPP/RNBQKB1R w KQkq - 0 4,0.0,0.025902875
7271842,rnbqkb1r/pp1ppppp/5n2/8/2Pp4/5N2/PP2PPPP/RNBQKB1R w KQkq - 0 4,0.0,0.025902875
2972981,rnbqkb1r/pp1ppppp/5n2/8/2Pp4/5N2/PP2PPPP/RNBQKB1R w KQkq - 0 4,0.0,0.025902875
10052549,rnbqkb1r/pp1ppppp/5n2/8/2Pp4/5N2/PP2PPPP/RNBQKB1R w KQkq - 0 4,0.0,0.025902875
3883120,rnbqkb1r/pp1ppppp/5n2/8/2Pp4/5N2/PP2PPPP/RNBQKB1R w KQkq - 0 4,0.0,0.025902875
10174615,rnbqkb1r/pp1ppppp/5n2/8/2Pp4/5N2/PP2PPPP/RNBQKB1R w KQkq - 0 4,0.0,0.025902875
1570792,rnbqkb1r/pp1ppppp/5n2/8/2Pp4/5N2/PP2PPPP/RNBQKB1R w KQkq - 0 4,0.0,0.025902875
9681119,rnbqkb1r/pp1ppppp/5n2/8/2Pp4/5N2/PP2PPPP/RNBQKB1R w KQkq - 0 4,0.0,0.025902875
11691695,rnbqkb1r/pp1ppppp/5n2/8/2Pp4/5N2/PP2PPPP/RNBQKB1R w KQkq - 0 4,0.0,0.025902875
9035625,rnbqkb1r/pp1ppppp/5n2/8/2Pp4/5N2/PP2PPPP/RNBQKB1R w KQkq - 0 4,0.0,0.025902875
3666420,rnbqkb1r/pp1ppppp/5n2/8/2Pp4/5N2/PP2PPPP/RNBQKB1R w KQkq - 0 4,0.0,0.025902875
6099131,rnbqkb1r/pp1ppppp/5n2/8/2Pp4/5N2/PP2PPPP/RNBQKB1R w KQkq - 0 4,0.0,0.025902875
12676373,rnbqkb1r/pp1ppppp/5n2/8/2Pp4/5N2/PP2PPPP/RNBQKB1R w KQkq - 0 4,0.0,0.025902875
4915697,rnbqkb1r/pp1ppppp/5n2/8/2Pp4/5N2/PP2PPPP/RNBQKB1R w KQkq - 0 4,0.0,0.025902875
6760909,rnbqkb1r/pp1ppppp/5n2/8/2Pp4/5N2/PP2PPPP/RNBQKB1R w KQkq - 0 4,0.0,0.025902875
8070796,rnbqkb1r/pp1ppppp/5n2/8/2Pp4/5N2/PP2PPPP/RNBQKB1R w KQkq - 0 4,0.0,0.025902875
10574496,rnbqkb1r/pp1ppppp/5n2/8/2Pp4/5N2/PP2PPPP/RNBQKB1R w KQkq - 0 4,0.0,0.025902875
7818934,rnbqkb1r/pp1ppppp/5n2/8/2Pp4/5N2/PP2PPPP/RNBQKB1R w KQkq - 0 4,0.0,0.025902875
499192,rnbqkb1r/pp1ppppp/5n2/8/2Pp4/5N2/PP2PPPP/RNBQKB1R w KQkq - 0 4,0.0,0.025902875
11476507,rnbqkb1r/pp1ppppp/5n2/8/2Pp4/5N2/PP2PPPP/RNBQKB1R w KQkq - 0 4,0.0,0.025902875
3395954,rnbqkb1r/pp1ppppp/5n2/8/2Pp4/5N2/PP2PPPP/RNBQKB1R w KQkq - 0 4,0.0,0.025902875
9530384,rnbqkb1r/pp1ppppp/5n2/8/2Pp4/5N2/PP2PPPP/RNBQKB1R w KQkq - 0 4,0.0,0.025902875
9894817,rnbqkb1r/pp1ppppp/5n2/8/2Pp4/5N2/PP2PPPP/RNBQKB1R w KQkq - 0 4,0.0,0.025902875
5497464,rnbqkb1r/pp1ppppp/5n2/8/2Pp4/5N2/PP2PPPP/RNBQKB1R w KQkq - 0 4,0.0,0.025902875
9337637,rnbqkb1r/pp1ppppp/5n2/8/2Pp4/5N2/PP2PPPP/RNBQKB1R w KQkq - 0 4,0.0,0.025902875
4528930,rnbqkb1r/pp1ppppp/5n2/8/2Pp4/5N2/PP2PPPP/RNBQKB1R w KQkq - 0 4,0.0,0.025902875
3479954,rnbqkb1r/pp1ppppp/5n2/8/2Pp4/5N2/PP2PPPP/RNBQKB1R w KQkq - 0 4,0.0,0.025902875
2026754,rnbqkb1r/pp1ppppp/5n2/8/2Pp4/5N2/PP2PPPP/RNBQKB1R w KQkq - 0 4,0.0,0.025902875
8386985,rnbqkb1r/pp1ppppp/5n2/8/2Pp4/5N2/PP2PPPP/RNBQKB1R w KQkq - 0 4,0.0,0.025902875
1623987,rnbqkb1r/pp1ppppp/5n2/8/2Pp4/5N2/PP2PPPP/RNBQKB1R w KQkq - 0 4,0.0,0.025902875
880211,rnbqkb1r/pp1ppppp/5n2/8/2Pp4/5N2/PP2PPPP/RNBQKB1R w KQkq - 0 4,0.0,0.025902875
9450298,rnbqkb1r/pp1ppppp/5n2/8/2Pp4/5N2/PP2PPPP/RNBQKB1R w KQkq - 0 4,0.0,0.025902875
3746540,rnbqkb1r/pp1ppppp/5n2/8/2Pp4/5N2/PP2PPPP/RNBQKB1R w KQkq - 0 4,0.0,0.025902875
8496796,rnbqkb1r/pp1ppppp/5n2/8/2Pp4/5N2/PP2PPPP/RNBQKB1R w KQkq - 0 4,0.0,0.025902875
10300454,rnbqkb1r/pp1ppppp/5n2/8/2Pp4/5N2/PP2PPPP/RNBQKB1R w KQkq - 0 4,0.0,0.025902875
2306084,rnbqkb1r/pp1ppppp/5n2/8/2Pp4/5N2/PP2PPPP/RNBQKB1R w KQkq - 0 4,0.0,0.025902875
3698028,rnbqkb1r/pp1ppppp/5n2/8/2Pp4/5N2/PP2PPPP/RNBQKB1R w KQkq - 0 4,0.0,0.025902875
12324384,rnbqkb1r/pp1ppppp/5n2/8/2Pp4/5N2/PP2PPPP/RNBQKB1R w KQkq - 0 4,0.0,0.025902875
13100929,rnbqkb1r/pp1ppppp/5n2/8/2Pp4/5N2/PP2PPPP/RNBQKB1R w KQkq - 0 4,0.0,0.025902875
3924514,rnbqkb1r/pp1ppppp/5n2/8/2Pp4/5N2/PP2PPPP/RNBQKB1R w KQkq - 0 4,0.0,0.025902875
9441611,rnbqkb1r/pp1ppppp/5n2/8/2Pp4/5N2/PP2PPPP/RNBQKB1R w KQkq - 0 4,0.0,0.025902875
6823880,rnbqkb1r/pp1ppppp/5n2/8/2Pp4/5N2/PP2PPPP/RNBQKB1R w KQkq - 0 4,0.0,0.025902875
10722018,rnbqkb1r/pp1ppppp/5n2/8/2Pp4/5N2/PP2PPPP/RNBQKB1R w KQkq - 0 4,0.0,0.025902875
14080234,rnbqkb1r/pp1ppppp/5n2/8/2Pp4/5N2/PP2PPPP/RNBQKB1R w KQkq - 0 4,0.0,0.025902875
13642553,rnbqkb1r/pp1ppppp/5n2/8/2Pp4/5N2/PP2PPPP/RNBQKB1R w KQkq - 0 4,0.0,0.025902875
7932075,rnbqkb1r/pp1ppppp/5n2/8/2Pp4/5N2/PP2PPPP/RNBQKB1R w KQkq - 0 4,0.0,0.025902875
5644523,rnbqkb1r/pp1ppppp/5n2/8/2Pp4/5N2/PP2PPPP/RNBQKB1R w KQkq - 0 4,0.0,0.025902875
4194595,rnbqkb1r/pp1ppppp/5n2/8/2Pp4/5N2/PP2PPPP/RNBQKB1R w KQkq - 0 4,0.0,0.025902875
6199231,rnbqkb1r/pp1ppppp/5n2/8/2Pp4/5N2/PP2PPPP/RNBQKB1R w KQkq - 0 4,0.0,0.025902875
2092860,rnbqkb1r/pp1ppppp/5n2/8/2Pp4/5N2/PP2PPPP/RNBQKB1R w KQkq - 0 4,0.0,0.025902875
6291147,rnbqkb1r/pp1ppppp/5n2/8/2Pp4/5N2/PP2PPPP/RNBQKB1R w KQkq - 0 4,0.0,0.025902875
6181790,rnbqkb1r/pp1ppppp/5n2/8/2Pp4/5N2/PP2PPPP/RNBQKB1R w KQkq - 0 4,0.0,0.025902875
4023913,rnbqkb1r/pp1ppppp/5n2/8/2Pp4/5N2/PP2PPPP/RNBQKB1R w KQkq - 0 4,0.0,0.025902875
7952899,rnbqkb1r/pp1ppppp/5n2/8/2Pp4/5N2/PP2PPPP/RNBQKB1R w KQkq - 0 4,0.0,0.025902875
4516946,rnbqkb1r/pp1ppppp/5n2/8/2Pp4/5N2/PP2PPPP/RNBQKB1R w KQkq - 0 4,0.0,0.025902875
6463815,rnbqkb1r/pp1ppppp/5n2/8/2Pp4/5N2/PP2PPPP/RNBQKB1R w KQkq - 0 4,0.0,0.025902875
1453455,rnbqkb1r/pp1ppppp/5n2/8/2Pp4/5N2/PP2PPPP/RNBQKB1R w KQkq - 0 4,0.0,0.025902875
13601927,rnbqkb1r/pp1ppppp/5n2/8/2Pp4/5N2/PP2PPPP/RNBQKB1R w KQkq - 0 4,0.0,0.025902875
9860863,rnbqkb1r/pp1ppppp/5n2/8/2Pp4/5N2/PP2PPPP/RNBQKB1R w KQkq - 0 4,0.0,0.025902875
5007549,rnbqkb1r/pp1ppppp/5n2/8/2Pp4/5N2/PP2PPPP/RNBQKB1R w KQkq - 0 4,0.0,0.025902875
12635962,rnbqkb1r/pp1ppppp/5n2/8/2Pp4/5N2/PP2PPPP/RNBQKB1R w KQkq - 0 4,0.0,0.025902875
13672752,rnbqkb1r/pp1ppppp/5n2/8/2Pp4/5N2/PP2PPPP/RNBQKB1R w KQkq - 0 4,0.0,0.025902875
12051522,rnbqkb1r/pp1ppppp/5n2/8/2Pp4/5N2/PP2PPPP/RNBQKB1R w KQkq - 0 4,0.0,0.025902875
3330529,rnbqkb1r/pp1ppppp/5n2/8/2Pp4/5N2/PP2PPPP/RNBQKB1R w KQkq - 0 4,0.0,0.025902875
11124043,rnbqkb1r/pp1ppppp/5n2/8/2Pp4/5N2/PP2PPPP/RNBQKB1R w KQkq - 0 4,0.0,0.025902875
8273714,rnbqkb1r/pp1ppppp/5n2/8/2Pp4/5N2/PP2PPPP/RNBQKB1R w KQkq - 0 4,0.0,0.025902875
4646428,rnbqkb1r/pp1ppppp/5n2/8/2Pp4/5N2/PP2PPPP/RNBQKB1R w KQkq - 0 4,0.0,0.025902875
2898105,rnbqkb1r/pp1ppppp/5n2/8/2Pp4/5N2/PP2PPPP/RNBQKB1R w KQkq - 0 4,0.0,0.025902875
4464407,rnbqkb1r/pp1ppppp/5n2/8/2Pp4/5N2/PP2PPPP/RNBQKB1R w KQkq - 0 4,0.0,0.025902875
1667721,rnbqkb1r/pp1ppppp/5n2/8/2Pp4/5N2/PP2PPPP/RNBQKB1R w KQkq - 0 4,0.0,0.025902875
1727548,rnbqkb1r/pp1ppppp/5n2/8/2Pp4/5N2/PP2PPPP/RNBQKB1R w KQkq - 0 4,0.0,0.025902875
9312918,rnbqkb1r/pp1ppppp/5n2/8/2Pp4/5N2/PP2PPPP/RNBQKB1R w KQkq - 0 4,0.0,0.025902875
7434856,rnbqkb1r/pp1ppppp/5n2/8/2Pp4/5N2/PP2PPPP/RNBQKB1R w KQkq - 0 4,0.0,0.025902875
8454291,rnbqkb1r/pp1ppppp/5n2/8/2Pp4/5N2/PP2PPPP/RNBQKB1R w KQkq - 0 4,0.0,0.025902875
1445782,rnbqkb1r/pp1ppppp/5n2/8/2Pp4/5N2/PP2PPPP/RNBQKB1R w KQkq - 0 4,0.0,0.025902875
5576619,rnbqkb1r/pp1ppppp/5n2/8/2Pp4/5N2/PP2PPPP/RNBQKB1R w KQkq - 0 4,0.0,0.025902875
13987615,rnbqkb1r/pp1ppppp/5n2/8/2Pp4/5N2/PP2PPPP/RNBQKB1R w KQkq - 0 4,0.0,0.025902875
5969613,rnbqkb1r/pp1ppppp/5n2/8/2Pp4/5N2/PP2PPPP/RNBQKB1R w KQkq - 0 4,0.0,0.025902875
2802969,rnbqkb1r/pp1ppppp/5n2/8/2Pp4/5N2/PP2PPPP/RNBQKB1R w KQkq - 0 4,0.0,0.025902875
8300015,rnbqkb1r/pp1ppppp/5n2/8/2Pp4/5N2/PP2PPPP/RNBQKB1R w KQkq - 0 4,0.0,0.025902875
1305951,rnbqkb1r/pp1ppppp/5n2/8/2Pp4/5N2/PP2PPPP/RNBQKB1R w KQkq - 0 4,0.0,0.025902875
4448477,rnbqkb1r/pp1ppppp/5n2/8/2Pp4/5N2/PP2PPPP/RNBQKB1R w KQkq - 0 4,0.0,0.025902875
11752406,rnbqkb1r/pp1ppppp/5n2/8/2Pp4/5N2/PP2PPPP/RNBQKB1R w KQkq - 0 4,0.0,0.025902875
10041573,rnbqkb1r/pp1ppppp/5n2/8/2Pp4/5N2/PP2PPPP/RNBQKB1R w KQkq - 0 4,0.0,0.025902875
11565147,rnbqkb1r/pp1ppppp/5n2/8/2Pp4/5N2/PP2PPPP/RNBQKB1R w KQkq - 0 4,0.0,0.025902875
7711704,rnbqkb1r/pp1ppppp/5n2/8/2Pp4/5N2/PP2PPPP/RNBQKB1R w KQkq - 0 4,0.0,0.025902875
10274831,rnbqkb1r/pp1ppppp/5n2/8/2Pp4/5N2/PP2PPPP/RNBQKB1R w KQkq - 0 4,0.0,0.025902875
1248356,rnbqkb1r/pp1ppppp/5n2/8/2Pp4/5N2/PP2PPPP/RNBQKB1R w KQkq - 0 4,0.0,0.025902875
10970215,rnbqkb1r/pp1ppppp/5n2/8/2Pp4/5N2/PP2PPPP/RNBQKB1R w KQkq - 0 4,0.0,0.025902875
695065,rnbqkb1r/pp1ppppp/5n2/8/2Pp4/5N2/PP2PPPP/RNBQKB1R w KQkq - 0 4,0.0,0.025902875
6107758,rnbqkb1r/pp1ppppp/5n2/8/2Pp4/5N2/PP2PPPP/RNBQKB1R w KQkq - 0 4,0.0,0.025902875
8023043,rnbqkb1r/pp1ppppp/5n2/8/2Pp4/5N2/PP2PPPP/RNBQKB1R w KQkq - 0 4,0.0,0.025902875
4481233,rnbqkb1r/pp1ppppp/5n2/8/2Pp4/5N2/PP2PPPP/RNBQKB1R w KQkq - 0 4,0.0,0.025902875
9325830,rnbqkb1r/pp1ppppp/5n2/8/2Pp4/5N2/PP2PPPP/RNBQKB1R w KQkq - 0 4,0.0,0.025902875
12894963,rnbqkb1r/pp1ppppp/5n2/8/2Pp4/5N2/PP2PPPP/RNBQKB1R w KQkq - 0 4,0.0,0.025902875
6934693,rnbqkb1r/pp1ppppp/5n2/8/2Pp4/5N2/PP2PPPP/RNBQKB1R w KQkq - 0 4,0.0,0.025902875
1917579,rnbqkb1r/pp1ppppp/5n2/8/2Pp4/5N2/PP2PPPP/RNBQKB1R w KQkq - 0 4,0.0,0.025902875
10800487,rnbqkb1r/pp1ppppp/5n2/8/2Pp4/5N2/PP2PPPP/RNBQKB1R w KQkq - 0 4,0.0,0.025902875
13591900,rnbqkb1r/pp1ppppp/5n2/8/2Pp4/5N2/PP2PPPP/RNBQKB1R w KQkq - 0 4,0.0,0.025902875
5051771,rnbqkb1r/pp1ppppp/5n2/8/2Pp4/5N2/PP2PPPP/RNBQKB1R w KQkq - 0 4,0.0,0.025902875
7970786,rnbqkb1r/pp1ppppp/5n2/8/2Pp4/5N2/PP2PPPP/RNBQKB1R w KQkq - 0 4,0.0,0.025902875
12415985,rnbqkb1r/pp1ppppp/5n2/8/2Pp4/5N2/PP2PPPP/RNBQKB1R w KQkq - 0 4,0.0,0.025902875
4025279,rnbqkb1r/pp1ppppp/5n2/8/2Pp4/5N2/PP2PPPP/RNBQKB1R w KQkq - 0 4,0.0,0.025902875
12393373,rnbqkb1r/pp1ppppp/5n2/8/2Pp4/5N2/PP2PPPP/RNBQKB1R w KQkq - 0 4,0.0,0.025902875
11788234,rnbqkb1r/pp1ppppp/5n2/8/2Pp4/5N2/PP2PPPP/RNBQKB1R w KQkq - 0 4,0.0,0.025902875
770247,rnbqkb1r/pp1ppppp/5n2/8/2Pp4/5N2/PP2PPPP/RNBQKB1R w KQkq - 0 4,0.0,0.025902875
5252169,rnbqkb1r/pp1ppppp/5n2/8/2Pp4/5N2/PP2PPPP/RNBQKB1R w KQkq - 0 4,0.0,0.025902875
12725919,rnbqkb1r/pp1ppppp/5n2/8/2Pp4/5N2/PP2PPPP/RNBQKB1R w KQkq - 0 4,0.0,0.025902875
7625564,rnbqkb1r/pp1ppppp/5n2/8/2Pp4/5N2/PP2PPPP/RNBQKB1R w KQkq - 0 4,0.0,0.025902875
2980987,rnbqkb1r/pp1ppppp/5n2/8/2Pp4/5N2/PP2PPPP/RNBQKB1R w KQkq - 0 4,0.0,0.025902875
3336208,rnbqkb1r/pp1ppppp/5n2/8/2Pp4/5N2/PP2PPPP/RNBQKB1R w KQkq - 0 4,0.0,0.025902875
662049,rnbqkb1r/pp1ppppp/5n2/8/2Pp4/5N2/PP2PPPP/RNBQKB1R w KQkq - 0 4,0.0,0.025902875
12759577,rnbqkb1r/pp1ppppp/5n2/8/2Pp4/5N2/PP2PPPP/RNBQKB1R w KQkq - 0 4,0.0,0.025902875
11971409,rnbqkb1r/pp1ppppp/5n2/8/2Pp4/5N2/PP2PPPP/RNBQKB1R w KQkq - 0 4,0.0,0.025902875
5567496,rnbqkb1r/pp1ppppp/5n2/8/2Pp4/5N2/PP2PPPP/RNBQKB1R w KQkq - 0 4,0.0,0.025902875
5206684,rnbqkb1r/pp1ppppp/5n2/8/2Pp4/5N2/PP2PPPP/RNBQKB1R w KQkq - 0 4,0.0,0.025902875
5052627,rnbqkb1r/pp1ppppp/5n2/8/2Pp4/5N2/PP2PPPP/RNBQKB1R w KQkq - 0 4,0.0,0.025902875
5464522,rnbqkb1r/pp1ppppp/5n2/8/2Pp4/5N2/PP2PPPP/RNBQKB1R w KQkq - 0 4,0.0,0.025902875
13598657,rnbqkb1r/pp1ppppp/5n2/8/2Pp4/5N2/PP2PPPP/RNBQKB1R w KQkq - 0 4,0.0,0.025902875
8843855,rnbqkb1r/pp1ppppp/5n2/8/2Pp4/5N2/PP2PPPP/RNBQKB1R w KQkq - 0 4,0.0,0.025902875
7872478,rnbqkb1r/pp1ppppp/5n2/8/2Pp4/5N2/PP2PPPP/RNBQKB1R w KQkq - 0 4,0.0,0.025902875
12664760,rnbqkb1r/pp1ppppp/5n2/8/2Pp4/5N2/PP2PPPP/RNBQKB1R w KQkq - 0 4,0.0,0.025902875
7476354,rnbqkb1r/pp1ppppp/5n2/8/2Pp4/5N2/PP2PPPP/RNBQKB1R w KQkq - 0 4,0.0,0.025902875
3547059,rnbqkb1r/pp1ppppp/5n2/8/2Pp4/5N2/PP2PPPP/RNBQKB1R w KQkq - 0 4,0.0,0.025902875
7198669,rnbqkb1r/pp1ppppp/5n2/8/2Pp4/5N2/PP2PPPP/RNBQKB1R w KQkq - 0 4,0.0,0.025902875
3088439,rnbqkb1r/pp1ppppp/5n2/8/2Pp4/5N2/PP2PPPP/RNBQKB1R w KQkq - 0 4,0.0,0.025902875
9588799,rnbqkb1r/pp1ppppp/5n2/8/2Pp4/5N2/PP2PPPP/RNBQKB1R w KQkq - 0 4,0.0,0.025902875
11942303,rnbqkb1r/pp1ppppp/5n2/8/2Pp4/5N2/PP2PPPP/RNBQKB1R w KQkq - 0 4,0.0,0.025902875
12718580,rnbqkb1r/pp1ppppp/5n2/8/2Pp4/5N2/PP2PPPP/RNBQKB1R w KQkq - 0 4,0.0,0.025902875
3506429,rnbqkb1r/pp1ppppp/5n2/8/2Pp4/5N2/PP2PPPP/RNBQKB1R w KQkq - 0 4,0.0,0.025902875
11739882,rnbqkb1r/pp1ppppp/5n2/8/2Pp4/5N2/PP2PPPP/RNBQKB1R w KQkq - 0 4,0.0,0.025902875
10846154,rnbqkb1r/pp1ppppp/5n2/8/2Pp4/5N2/PP2PPPP/RNBQKB1R w KQkq - 0 4,0.0,0.025902875
14066565,rnbqkb1r/pp1ppppp/5n2/8/2Pp4/5N2/PP2PPPP/RNBQKB1R w KQkq - 0 4,0.0,0.025902875
8748902,rnbqkb1r/pp1ppppp/5n2/8/2Pp4/5N2/PP2PPPP/RNBQKB1R w KQkq - 0 4,0.0,0.025902875
3153030,rnbqkb1r/pp1ppppp/5n2/8/2Pp4/5N2/PP2PPPP/RNBQKB1R w KQkq - 0 4,0.0,0.025902875
1469262,rnbqkb1r/pp1ppppp/5n2/8/2Pp4/5N2/PP2PPPP/RNBQKB1R w KQkq - 0 4,0.0,0.025902875
13287741,rnbqkb1r/pp1ppppp/5n2/8/2Pp4/5N2/PP2PPPP/RNBQKB1R w KQkq - 0 4,0.0,0.025902875
7162755,rnbqkb1r/pp1ppppp/5n2/8/2Pp4/5N2/PP2PPPP/RNBQKB1R w KQkq - 0 4,0.0,0.025902875
640396,rnbqkb1r/pp1ppppp/5n2/8/2Pp4/5N2/PP2PPPP/RNBQKB1R w KQkq - 0 4,0.0,0.025902875
7796336,rnbqkb1r/pp1ppppp/5n2/8/2Pp4/5N2/PP2PPPP/RNBQKB1R w KQkq - 0 4,0.0,0.025902875
4607759,rnbqkb1r/pp1ppppp/5n2/8/2Pp4/5N2/PP2PPPP/RNBQKB1R w KQkq - 0 4,0.0,0.025902875
9063785,rnbqkb1r/pp1ppppp/5n2/8/2Pp4/5N2/PP2PPPP/RNBQKB1R w KQkq - 0 4,0.0,0.025902875
111440,rnbqkb1r/pp1ppppp/5n2/8/2Pp4/5N2/PP2PPPP/RNBQKB1R w KQkq - 0 4,0.0,0.025902875
11323392,rnbqkb1r/pp1ppppp/5n2/8/2Pp4/5N2/PP2PPPP/RNBQKB1R w KQkq - 0 4,0.0,0.025902875
3641035,rnbqkb1r/pp1ppppp/5n2/8/2Pp4/5N2/PP2PPPP/RNBQKB1R w KQkq - 0 4,0.0,0.025902875
9872822,rnbqkb1r/pp1ppppp/5n2/8/2Pp4/5N2/PP2PPPP/RNBQKB1R w KQkq - 0 4,0.0,0.025902875
9830288,rnbqkb1r/pp1ppppp/5n2/8/2Pp4/5N2/PP2PPPP/RNBQKB1R w KQkq - 0 4,0.0,0.025902875
10446484,rnbqkb1r/pp1ppppp/5n2/8/2Pp4/5N2/PP2PPPP/RNBQKB1R w KQkq - 0 4,0.0,0.025902875
5419006,rnbqkb1r/pp1ppppp/5n2/8/2Pp4/5N2/PP2PPPP/RNBQKB1R w KQkq - 0 4,0.0,0.025902875
12299106,rnbqkb1r/pp1ppppp/5n2/8/2Pp4/5N2/PP2PPPP/RNBQKB1R w KQkq - 0 4,0.0,0.025902875
12314451,rnbqkb1r/pp1ppppp/5n2/8/2Pp4/5N2/PP2PPPP/RNBQKB1R w KQkq - 0 4,0.0,0.025902875
9669889,rnbqkb1r/pp1ppppp/5n2/8/2Pp4/5N2/PP2PPPP/RNBQKB1R w KQkq - 0 4,0.0,0.025902875
5550257,rnbqkb1r/pp1ppppp/5n2/8/2Pp4/5N2/PP2PPPP/RNBQKB1R w KQkq - 0 4,0.0,0.025902875
6518082,rnbqkb1r/pp1ppppp/5n2/8/2Pp4/5N2/PP2PPPP/RNBQKB1R w KQkq - 0 4,0.0,0.025902875
10779219,rnbqkb1r/pp1ppppp/5n2/8/2Pp4/5N2/PP2PPPP/RNBQKB1R w KQkq - 0 4,0.0,0.025902875
589620,rnbqkb1r/pp1ppppp/5n2/8/2Pp4/5N2/PP2PPPP/RNBQKB1R w KQkq - 0 4,0.0,0.025902875
10370119,rnbqkb1r/pp1ppppp/5n2/8/2Pp4/5N2/PP2PPPP/RNBQKB1R w KQkq - 0 4,0.0,0.025902875
12021310,rnbqkb1r/pp1ppppp/5n2/8/2Pp4/5N2/PP2PPPP/RNBQKB1R w KQkq - 0 4,0.0,0.025902875
13205578,rnbqkb1r/pp1ppppp/5n2/8/2Pp4/5N2/PP2PPPP/RNBQKB1R w KQkq - 0 4,0.0,0.025902875
14012843,rnbqkb1r/pp1ppppp/5n2/8/2Pp4/5N2/PP2PPPP/RNBQKB1R w KQkq - 0 4,0.0,0.025902875
6316434,rnbqkb1r/pp1ppppp/5n2/8/2Pp4/5N2/PP2PPPP/RNBQKB1R w KQkq - 0 4,0.0,0.025902875
12338792,rnbqkb1r/pp1ppppp/5n2/8/2Pp4/5N2/PP2PPPP/RNBQKB1R w KQkq - 0 4,0.0,0.025902875
2384966,rnbqkb1r/pp1ppppp/5n2/8/2Pp4/5N2/PP2PPPP/RNBQKB1R w KQkq - 0 4,0.0,0.025902875
4933581,rnbqkb1r/pp1ppppp/5n2/8/2Pp4/5N2/PP2PPPP/RNBQKB1R w KQkq - 0 4,0.0,0.025902875
3455223,rnbqkb1r/pp1ppppp/5n2/8/2Pp4/5N2/PP2PPPP/RNBQKB1R w KQkq - 0 4,0.0,0.025902875
5081297,rnbqkb1r/pp1ppppp/5n2/8/2Pp4/5N2/PP2PPPP/RNBQKB1R w KQkq - 0 4,0.0,0.025902875
14070049,rnbqkb1r/pp1ppppp/5n2/8/2Pp4/5N2/PP2PPPP/RNBQKB1R w KQkq - 0 4,0.0,0.025902875
9582527,rnbqkb1r/pp1ppppp/5n2/8/2Pp4/5N2/PP2PPPP/RNBQKB1R w KQkq - 0 4,0.0,0.025902875
4766537,rnbqkb1r/pp1ppppp/5n2/8/2Pp4/5N2/PP2PPPP/RNBQKB1R w KQkq - 0 4,0.0,0.025902875
685830,rnbqkb1r/pp1ppppp/5n2/8/2Pp4/5N2/PP2PPPP/RNBQKB1R w KQkq - 0 4,0.0,0.025902875
5667974,rnbqkb1r/pp1ppppp/5n2/8/2Pp4/5N2/PP2PPPP/RNBQKB1R w KQkq - 0 4,0.0,0.025902875
3827504,rnbqkb1r/pp1ppppp/5n2/8/2Pp4/5N2/PP2PPPP/RNBQKB1R w KQkq - 0 4,0.0,0.025902875
9926780,rnbqkb1r/pp1ppppp/5n2/8/2Pp4/5N2/PP2PPPP/RNBQKB1R w KQkq - 0 4,0.0,0.025902875
5081232,rnbqkb1r/pp1ppppp/5n2/8/2Pp4/5N2/PP2PPPP/RNBQKB1R w KQkq - 0 4,0.0,0.025902875
11652227,rnbqkb1r/pp1ppppp/5n2/8/2Pp4/5N2/PP2PPPP/RNBQKB1R w KQkq - 0 4,0.0,0.025902875
7667498,rnbqkb1r/pp1ppppp/5n2/8/2Pp4/5N2/PP2PPPP/RNBQKB1R w KQkq - 0 4,0.0,0.025902875
5659602,rnbqkb1r/pp1ppppp/5n2/8/2Pp4/5N2/PP2PPPP/RNBQKB1R w KQkq - 0 4,0.0,0.025902875
6939092,rnbqkb1r/pp1ppppp/5n2/8/2Pp4/5N2/PP2PPPP/RNBQKB1R w KQkq - 0 4,0.0,0.025902875
12120023,rnbqkb1r/pp1ppppp/5n2/8/2Pp4/5N2/PP2PPPP/RNBQKB1R w KQkq - 0 4,0.0,0.025902875
9796404,rnbqkb1r/pp1ppppp/5n2/8/2Pp4/5N2/PP2PPPP/RNBQKB1R w KQkq - 0 4,0.0,0.025902875
2491964,rnbqkb1r/pp1ppppp/5n2/8/2Pp4/5N2/PP2PPPP/RNBQKB1R w KQkq - 0 4,0.0,0.025902875
12275972,rnbqkb1r/pp1ppppp/5n2/8/2Pp4/5N2/PP2PPPP/RNBQKB1R w KQkq - 0 4,0.0,0.025902875
1808336,rnbqkb1r/pp1ppppp/5n2/8/2Pp4/5N2/PP2PPPP/RNBQKB1R w KQkq - 0 4,0.0,0.025902875
6105298,rnbqkb1r/pp1ppppp/5n2/8/2Pp4/5N2/PP2PPPP/RNBQKB1R w KQkq - 0 4,0.0,0.025902875
10349012,rnbqkb1r/pp1ppppp/5n2/8/2Pp4/5N2/PP2PPPP/RNBQKB1R w KQkq - 0 4,0.0,0.025902875
10800913,rnbqkb1r/pp1ppppp/5n2/8/2Pp4/5N2/PP2PPPP/RNBQKB1R w KQkq - 0 4,0.0,0.025902875
8119523,rnbqkb1r/pp1ppppp/5n2/8/2Pp4/5N2/PP2PPPP/RNBQKB1R w KQkq - 0 4,0.0,0.025902875
11665616,rnbqkb1r/pp1ppppp/5n2/8/2Pp4/5N2/PP2PPPP/RNBQKB1R w KQkq - 0 4,0.0,0.025902875
9140810,rnbqkb1r/pp1ppppp/5n2/8/2Pp4/5N2/PP2PPPP/RNBQKB1R w KQkq - 0 4,0.0,0.025902875
10833211,rnbqkb1r/pp1ppppp/5n2/8/2Pp4/5N2/PP2PPPP/RNBQKB1R w KQkq - 0 4,0.0,0.025902875
9236656,rnbqkb1r/pp1ppppp/5n2/8/2Pp4/5N2/PP2PPPP/RNBQKB1R w KQkq - 0 4,0.0,0.025902875
2858615,rnbqkb1r/pp1ppppp/5n2/8/2Pp4/5N2/PP2PPPP/RNBQKB1R w KQkq - 0 4,0.0,0.025902875
6971302,rnbqkb1r/pp1ppppp/5n2/8/2Pp4/5N2/PP2PPPP/RNBQKB1R w KQkq - 0 4,0.0,0.025902875
9448963,rnbqkb1r/pp1ppppp/5n2/8/2Pp4/5N2/PP2PPPP/RNBQKB1R w KQkq - 0 4,0.0,0.025902875
738250,rnbqkb1r/pp1ppppp/5n2/8/2Pp4/5N2/PP2PPPP/RNBQKB1R w KQkq - 0 4,0.0,0.025902875
13172711,rnbqkb1r/pp1ppppp/5n2/8/2Pp4/5N2/PP2PPPP/RNBQKB1R w KQkq - 0 4,0.0,0.025902875
8686315,rnbqkb1r/pp1ppppp/5n2/8/2Pp4/5N2/PP2PPPP/RNBQKB1R w KQkq - 0 4,0.0,0.025902875
4005106,rnbqkb1r/pp1ppppp/5n2/8/2Pp4/5N2/PP2PPPP/RNBQKB1R w KQkq - 0 4,0.0,0.025902875
1300535,rnbqkb1r/pp1ppppp/5n2/8/2Pp4/5N2/PP2PPPP/RNBQKB1R w KQkq - 0 4,0.0,0.025902875
2456282,rnbqkb1r/pp1ppppp/5n2/8/2Pp4/5N2/PP2PPPP/RNBQKB1R w KQkq - 0 4,0.0,0.025902875
9137623,rnbqkb1r/pp1ppppp/5n2/8/2Pp4/5N2/PP2PPPP/RNBQKB1R w KQkq - 0 4,0.0,0.025902875
7987312,rnbqkb1r/pp1ppppp/5n2/8/2Pp4/5N2/PP2PPPP/RNBQKB1R w KQkq - 0 4,0.0,0.025902875
2434549,rnbqkb1r/pp1ppppp/5n2/8/2Pp4/5N2/PP2PPPP/RNBQKB1R w KQkq - 0 4,0.0,0.025902875
11975650,rnbqkb1r/pp1ppppp/5n2/8/2Pp4/5N2/PP2PPPP/RNBQKB1R w KQkq - 0 4,0.0,0.025902875
11369197,rnbqkb1r/pp1ppppp/5n2/8/2Pp4/5N2/PP2PPPP/RNBQKB1R w KQkq - 0 4,0.0,0.025902875
12871396,rnbqkb1r/pp1ppppp/5n2/8/2Pp4/5N2/PP2PPPP/RNBQKB1R w KQkq - 0 4,0.0,0.025902875
6671698,rnbqkb1r/pp1ppppp/5n2/8/2Pp4/5N2/PP2PPPP/RNBQKB1R w KQkq - 0 4,0.0,0.025902875
11071610,rnbqkb1r/pp1ppppp/5n2/8/2Pp4/5N2/PP2PPPP/RNBQKB1R w KQkq - 0 4,0.0,0.025902875
12844364,rnbqkb1r/pp1ppppp/5n2/8/2Pp4/5N2/PP2PPPP/RNBQKB1R w KQkq - 0 4,0.0,0.025902875
12298256,rnbqkb1r/pp1ppppp/5n2/8/2Pp4/5N2/PP2PPPP/RNBQKB1R w KQkq - 0 4,0.0,0.025902875
6250129,rnbqkb1r/pp1ppppp/5n2/8/2Pp4/5N2/PP2PPPP/RNBQKB1R w KQkq - 0 4,0.0,0.025902875
64724,rnbqkb1r/pp1ppppp/5n2/8/2Pp4/5N2/PP2PPPP/RNBQKB1R w KQkq - 0 4,0.0,0.025902875
5649229,rnbqkb1r/pp1ppppp/5n2/8/2Pp4/5N2/PP2PPPP/RNBQKB1R w KQkq - 0 4,0.0,0.025902875
13552447,rnbqkb1r/pp1ppppp/5n2/8/2Pp4/5N2/PP2PPPP/RNBQKB1R w KQkq - 0 4,0.0,0.025902875
14083791,rnbqkb1r/pp1ppppp/5n2/8/2Pp4/5N2/PP2PPPP/RNBQKB1R w KQkq - 0 4,0.0,0.025902875
7783738,rnbqkb1r/pp1ppppp/5n2/8/2Pp4/5N2/PP2PPPP/RNBQKB1R w KQkq - 0 4,0.0,0.025902875
8531296,rnbqkb1r/pp1ppppp/5n2/8/2Pp4/5N2/PP2PPPP/RNBQKB1R w KQkq - 0 4,0.0,0.025902875
11281667,rnbqkb1r/pp1ppppp/5n2/8/2Pp4/5N2/PP2PPPP/RNBQKB1R w KQkq - 0 4,0.0,0.025902875
10241352,rnbqkb1r/pp1ppppp/5n2/8/2Pp4/5N2/PP2PPPP/RNBQKB1R w KQkq - 0 4,0.0,0.025902875
6993361,rnbqkb1r/pp1ppppp/5n2/8/2Pp4/5N2/PP2PPPP/RNBQKB1R w KQkq - 0 4,0.0,0.025902875
9234547,rnbqkb1r/pp1ppppp/5n2/8/2Pp4/5N2/PP2PPPP/RNBQKB1R w KQkq - 0 4,0.0,0.025902875
14048279,rnbqkb1r/pp1ppppp/5n2/8/2Pp4/5N2/PP2PPPP/RNBQKB1R w KQkq - 0 4,0.0,0.025902875
13416908,rnbqkb1r/pp1ppppp/5n2/8/2Pp4/5N2/PP2PPPP/RNBQKB1R w KQkq - 0 4,0.0,0.025902875
1219267,rnbqkb1r/pp1ppppp/5n2/8/2Pp4/5N2/PP2PPPP/RNBQKB1R w KQkq - 0 4,0.0,0.025902875
7667607,rnbqkb1r/pp1ppppp/5n2/8/2Pp4/5N2/PP2PPPP/RNBQKB1R w KQkq - 0 4,0.0,0.025902875
6073111,rnbqkb1r/pp1ppppp/5n2/8/2Pp4/5N2/PP2PPPP/RNBQKB1R w KQkq - 0 4,0.0,0.025902875
13709660,rnbqkb1r/pp1ppppp/5n2/8/2Pp4/5N2/PP2PPPP/RNBQKB1R w KQkq - 0 4,0.0,0.025902875
2348831,rnbqkb1r/pp1ppppp/5n2/8/2Pp4/5N2/PP2PPPP/RNBQKB1R w KQkq - 0 4,0.0,0.025902875
3660929,rnbqkb1r/pp1ppppp/5n2/8/2Pp4/5N2/PP2PPPP/RNBQKB1R w KQkq - 0 4,0.0,0.025902875
11274946,rnbqkb1r/pp1ppppp/5n2/8/2Pp4/5N2/PP2PPPP/RNBQKB1R w KQkq - 0 4,0.0,0.025902875
10609876,rnbqkb1r/pp1ppppp/5n2/8/2Pp4/5N2/PP2PPPP/RNBQKB1R w KQkq - 0 4,0.0,0.025902875
4323023,rnbqkb1r/pp1ppppp/5n2/8/2Pp4/5N2/PP2PPPP/RNBQKB1R w KQkq - 0 4,0.0,0.025902875
1277245,rnbqkb1r/pp1ppppp/5n2/8/2Pp4/5N2/PP2PPPP/RNBQKB1R w KQkq - 0 4,0.0,0.025902875
10681600,rnbqkb1r/pp1ppppp/5n2/8/2Pp4/5N2/PP2PPPP/RNBQKB1R w KQkq - 0 4,0.0,0.025902875
6066393,rnbqkb1r/pp1ppppp/5n2/8/2Pp4/5N2/PP2PPPP/RNBQKB1R w KQkq - 0 4,0.0,0.025902875
3825161,rnbqkb1r/pp1ppppp/5n2/8/2Pp4/5N2/PP2PPPP/RNBQKB1R w KQkq - 0 4,0.0,0.025902875
9914470,rnbqkb1r/pp1ppppp/5n2/8/2Pp4/5N2/PP2PPPP/RNBQKB1R w KQkq - 0 4,0.0,0.025902875
10112484,rnbqkb1r/pp1ppppp/5n2/8/2Pp4/5N2/PP2PPPP/RNBQKB1R w KQkq - 0 4,0.0,0.025902875
5112623,rnbqkb1r/pp1ppppp/5n2/8/2Pp4/5N2/PP2PPPP/RNBQKB1R w KQkq - 0 4,0.0,0.025902875
3219732,rnbqkb1r/pp1ppppp/5n2/8/2Pp4/5N2/PP2PPPP/RNBQKB1R w KQkq - 0 4,0.0,0.025902875
5613165,rnbqkb1r/pp1ppppp/5n2/8/2Pp4/5N2/PP2PPPP/RNBQKB1R w KQkq - 0 4,0.0,0.025902875
5523530,rnbqkb1r/pp1ppppp/5n2/8/2Pp4/5N2/PP2PPPP/RNBQKB1R w KQkq - 0 4,0.0,0.025902875
7860005,rnbqkb1r/pp1ppppp/5n2/8/2Pp4/5N2/PP2PPPP/RNBQKB1R w KQkq - 0 4,0.0,0.025902875
12584162,rnbqkb1r/pp1ppppp/5n2/8/2Pp4/5N2/PP2PPPP/RNBQKB1R w KQkq - 0 4,0.0,0.025902875
8115940,rnbqkb1r/pp1ppppp/5n2/8/2Pp4/5N2/PP2PPPP/RNBQKB1R w KQkq - 0 4,0.0,0.025902875
8937750,rnbqkb1r/pp1ppppp/5n2/8/2Pp4/5N2/PP2PPPP/RNBQKB1R w KQkq - 0 4,0.0,0.025902875
7313646,rnbqkb1r/pp1ppppp/5n2/8/2Pp4/5N2/PP2PPPP/RNBQKB1R w KQkq - 0 4,0.0,0.025902875
9095978,rnbqkb1r/pp1ppppp/5n2/8/2Pp4/5N2/PP2PPPP/RNBQKB1R w KQkq - 0 4,0.0,0.025902875
7312822,rnbqkb1r/pp1ppppp/5n2/8/2Pp4/5N2/PP2PPPP/RNBQKB1R w KQkq - 0 4,0.0,0.025902875
9408494,rnbqkb1r/pp1ppppp/5n2/8/2Pp4/5N2/PP2PPPP/RNBQKB1R w KQkq - 0 4,0.0,0.025902875
13146168,rnbqkb1r/pp1ppppp/5n2/8/2Pp4/5N2/PP2PPPP/RNBQKB1R w KQkq - 0 4,0.0,0.025902875
276121,rnbqkb1r/pp1ppppp/5n2/8/2Pp4/5N2/PP2PPPP/RNBQKB1R w KQkq - 0 4,0.0,0.025902875
336342,rnbqkb1r/pp1ppppp/5n2/8/2Pp4/5N2/PP2PPPP/RNBQKB1R w KQkq - 0 4,0.0,0.025902875
3897958,rnbqkb1r/pp1ppppp/5n2/8/2Pp4/5N2/PP2PPPP/RNBQKB1R w KQkq - 0 4,0.0,0.025902875
7673874,rnbqkb1r/pp1ppppp/5n2/8/2Pp4/5N2/PP2PPPP/RNBQKB1R w KQkq - 0 4,0.0,0.025902875
6497470,rnbqkb1r/pp1ppppp/5n2/8/2Pp4/5N2/PP2PPPP/RNBQKB1R w KQkq - 0 4,0.0,0.025902875
6388915,rnbqkb1r/pp1ppppp/5n2/8/2Pp4/5N2/PP2PPPP/RNBQKB1R w KQkq - 0 4,0.0,0.025902875
7301203,rnbqkb1r/pp1ppppp/5n2/8/2Pp4/5N2/PP2PPPP/RNBQKB1R w KQkq - 0 4,0.0,0.025902875
10493553,rnbqkb1r/pp1ppppp/5n2/8/2Pp4/5N2/PP2PPPP/RNBQKB1R w KQkq - 0 4,0.0,0.025902875
7021878,rnbqkb1r/pp1ppppp/5n2/8/2Pp4/5N2/PP2PPPP/RNBQKB1R w KQkq - 0 4,0.0,0.025902875
10628728,rnbqkb1r/pp1ppppp/5n2/8/2Pp4/5N2/PP2PPPP/RNBQKB1R w KQkq - 0 4,0.0,0.025902875
10575733,rnbqkb1r/pp1ppppp/5n2/8/2Pp4/5N2/PP2PPPP/RNBQKB1R w KQkq - 0 4,0.0,0.025902875
483220,rnbqkb1r/pp1ppppp/5n2/8/2Pp4/5N2/PP2PPPP/RNBQKB1R w KQkq - 0 4,0.0,0.025902875
4709351,rnbqkb1r/pp1ppppp/5n2/8/2Pp4/5N2/PP2PPPP/RNBQKB1R w KQkq - 0 4,0.0,0.025902875
10030628,rnbqkb1r/pp1ppppp/5n2/8/2Pp4/5N2/PP2PPPP/RNBQKB1R w KQkq - 0 4,0.0,0.025902875
3677782,rnbqkb1r/pp1ppppp/5n2/8/2Pp4/5N2/PP2PPPP/RNBQKB1R w KQkq - 0 4,0.0,0.025902875
7188691,rnbqkb1r/pp1ppppp/5n2/8/2Pp4/5N2/PP2PPPP/RNBQKB1R w KQkq - 0 4,0.0,0.025902875
6001343,rnbqkb1r/pp1ppppp/5n2/8/2Pp4/5N2/PP2PPPP/RNBQKB1R w KQkq - 0 4,0.0,0.025902875
6555303,rnbqkb1r/pp1ppppp/5n2/8/2Pp4/5N2/PP2PPPP/RNBQKB1R w KQkq - 0 4,0.0,0.025902875
13559695,rnbqkb1r/pp1ppppp/5n2/8/2Pp4/5N2/PP2PPPP/RNBQKB1R w KQkq - 0 4,0.0,0.025902875
9088916,rnbqkb1r/pp1ppppp/5n2/8/2Pp4/5N2/PP2PPPP/RNBQKB1R w KQkq - 0 4,0.0,0.025902875
483588,rnbqkb1r/pp1ppppp/5n2/8/2Pp4/5N2/PP2PPPP/RNBQKB1R w KQkq - 0 4,0.0,0.025902875
1589253,rnbqkb1r/pp1ppppp/5n2/8/2Pp4/5N2/PP2PPPP/RNBQKB1R w KQkq - 0 4,0.0,0.025902875
11787235,rnbqkb1r/pp1ppppp/5n2/8/2Pp4/5N2/PP2PPPP/RNBQKB1R w KQkq - 0 4,0.0,0.025902875
1968943,rnbqkb1r/pp1ppppp/5n2/8/2Pp4/5N2/PP2PPPP/RNBQKB1R w KQkq - 0 4,0.0,0.025902875
539148,rnbqkb1r/pp1ppppp/5n2/8/2Pp4/5N2/PP2PPPP/RNBQKB1R w KQkq - 0 4,0.0,0.025902875
11096604,rnbqkb1r/pp1ppppp/5n2/8/2Pp4/5N2/PP2PPPP/RNBQKB1R w KQkq - 0 4,0.0,0.025902875
7013804,rnbqkb1r/pp1ppppp/5n2/8/2Pp4/5N2/PP2PPPP/RNBQKB1R w KQkq - 0 4,0.0,0.025902875
12130423,rnbqkb1r/pp1ppppp/5n2/8/2Pp4/5N2/PP2PPPP/RNBQKB1R w KQkq - 0 4,0.0,0.025902875
6958373,rnb1k2r/pppp1ppp/5n2/8/2P5/4q3/PP2PPPP/R1B1KBNR w KQkq - 0 8,0.0,0.01968909
491241,r2qk2r/pp2bppp/3ppn2/2p1N3/2P1P3/2NP4/PP3PPP/R1BQ1RK1 b kq - 0 9,0.0,-0.02185069
6281317,rnbqkb1r/pp1ppppp/5n2/8/2Pp4/2N5/PP2PPPP/R1BQKBNR w KQkq - 0 4,0.0,-0.07459801
5638585,rnbqkb1r/pp1p1pp1/5n1p/2pp4/2P4B/8/PP2PPPP/RN1QKBNR w KQkq - 0 6,0.0,-0.13232511
3268146,rnbqkb1r/pp1p1pp1/5n1p/2pp4/2P4B/8/PP2PPPP/RN1QKBNR w KQkq - 0 6,0.0,-0.13232511
2212542,rnb1k2r/ppppqppp/4pn2/8/2PP4/PQb5/1P2PPPP/R1B1KBNR w KQkq - 0 6,0.0,-0.13693702
763971,r1b1k2r/1pp1bppp/p4n2/2p5/4Q3/5N2/PPPP1PPP/RNB2RK1 b kq - 0 10,0.0,-0.24049821
1994389,r1b1k2r/1pp1bppp/p4n2/2p5/4Q3/5N2/PPPP1PPP/RNB2RK1 b kq - 0 10,0.0,-0.24049821
7321126,1r1qk2r/1p1bppb1/p1np1np1/7p/1pP5/P1NPP1PP/4NPB1/1RBQK2R w Kk - 0 12,0.0,-0.40703827
